Date,Highest,MHHW (m),MHW (m),MSL (m),MTL (m),MLW (m),MLLW (m),Lowest (m)
1/1/1950,0.782,NaN,0.243,-0.3,-0.272,-0.788,NaN,-1.199
2/1/1950,0.721,NaN,0.273,-0.269,-0.245,-0.763,NaN,-1.108
3/1/1950,0.813,NaN,0.191,-0.364,-0.327,-0.848,NaN,-1.351
4/1/1950,0.721,NaN,0.298,-0.266,-0.224,-0.745,NaN,-1.077
5/1/1950,0.752,NaN,0.282,-0.297,-0.26,-0.8,NaN,-1.077
6/1/1950,0.752,NaN,0.313,-0.254,-0.211,-0.739,NaN,-0.986
7/1/1950,0.66,NaN,0.334,-0.224,-0.19,-0.714,NaN,-0.864
8/1/1950,0.569,NaN,0.359,-0.187,-0.157,-0.675,NaN,-0.833
9/1/1950,0.996,NaN,0.398,-0.144,-0.114,-0.623,NaN,-0.864
10/1/1950,0.996,NaN,0.389,-0.157,-0.114,-0.62,NaN,-1.077
11/1/1950,1.057,NaN,0.423,-0.126,-0.096,-0.617,NaN,-1.016
12/1/1950,1.026,NaN,0.377,-0.178,-0.138,-0.65,NaN,-1.016
1/1/1951,0.813,NaN,0.313,-0.251,-0.211,-0.733,NaN,-1.108
2/1/1951,1.178,NaN,0.291,-0.266,-0.236,-0.76,NaN,-1.412
3/1/1951,0.752,NaN,0.413,-0.141,-0.102,-0.614,NaN,-0.955
4/1/1951,0.721,NaN,0.365,-0.196,-0.157,-0.681,NaN,-1.077
5/1/1951,0.843,NaN,0.398,-0.157,-0.117,-0.632,NaN,-0.894
6/1/1951,0.813,NaN,0.444,-0.117,-0.077,-0.595,NaN,-0.833
7/1/1951,0.843,NaN,0.392,-0.163,-0.126,-0.641,NaN,-0.833
8/1/1951,0.813,NaN,0.432,-0.117,-0.086,-0.605,NaN,-0.833
9/1/1951,0.752,NaN,0.413,-0.154,-0.117,-0.647,NaN,-0.864
10/1/1951,0.843,NaN,0.45,-0.138,-0.096,-0.641,NaN,-0.925
11/1/1951,1.148,NaN,0.413,-0.172,-0.132,-0.681,NaN,-1.138
12/1/1951,0.904,NaN,0.334,-0.251,-0.205,-0.748,NaN,-1.199
1/1/1952,0.843,NaN,0.349,-0.227,-0.181,-0.714,NaN,-1.169
2/1/1952,0.782,NaN,0.343,-0.224,-0.184,-0.711,NaN,-1.199
3/1/1952,0.721,NaN,0.349,-0.202,-0.16,-0.669,NaN,-1.047
4/1/1952,0.569,NaN,0.319,-0.221,-0.181,-0.684,NaN,-0.986
5/1/1952,0.813,NaN,0.416,-0.126,-0.083,-0.583,NaN,-0.833
6/1/1952,0.752,NaN,0.398,-0.157,-0.12,-0.635,NaN,-0.803
7/1/1952,0.752,NaN,0.368,-0.187,-0.15,-0.669,NaN,-0.955
8/1/1952,0.752,NaN,0.398,-0.16,-0.123,-0.644,NaN,-0.955
9/1/1952,0.752,NaN,0.429,-0.144,-0.108,-0.641,NaN,-0.955
10/1/1952,0.935,NaN,0.398,-0.193,-0.15,-0.696,NaN,-1.108
11/1/1952,0.843,NaN,0.398,-0.163,-0.129,-0.656,NaN,-0.925
12/1/1952,0.935,NaN,0.426,-0.144,-0.102,-0.632,NaN,-0.986
1/1/1953,0.843,NaN,0.416,-0.135,-0.105,-0.626,NaN,-1.108
2/1/1953,1.117,NaN,0.288,-0.263,-0.23,-0.745,NaN,-1.199
3/1/1953,0.843,NaN,0.377,-0.196,-0.163,-0.699,NaN,-1.077
4/1/1953,1.057,NaN,0.395,-0.172,-0.135,-0.669,NaN,-1.26
5/1/1953,0.813,NaN,0.453,-0.123,-0.071,-0.595,NaN,-0.803
6/1/1953,0.691,NaN,0.41,-0.163,-0.12,-0.647,NaN,-0.864
7/1/1953,0.721,NaN,0.419,-0.166,-0.126,-0.672,NaN,-0.925
8/1/1953,0.813,NaN,0.438,-0.144,-0.108,-0.65,NaN,-0.894
9/1/1953,0.752,NaN,0.429,-0.132,-0.09,-0.608,NaN,-1.016
10/1/1953,1.087,NaN,0.419,-0.138,-0.099,-0.617,NaN,-0.925
11/1/1953,1.331,NaN,0.419,-0.138,-0.102,-0.623,NaN,-0.894
12/1/1953,0.721,NaN,0.307,-0.227,-0.205,-0.714,NaN,-1.229
1/1/1954,0.874,NaN,0.34,-0.208,-0.172,-0.684,NaN,-1.016
2/1/1954,0.752,NaN,0.343,-0.218,-0.181,-0.705,NaN,-1.016
3/1/1954,0.813,NaN,0.322,-0.239,-0.202,-0.73,NaN,-1.229
4/1/1954,0.691,NaN,0.319,-0.248,-0.218,-0.757,NaN,-1.321
5/1/1954,0.965,NaN,0.471,-0.123,-0.071,-0.614,NaN,-0.925
6/1/1954,0.813,NaN,0.456,-0.126,-0.077,-0.614,NaN,-0.894
7/1/1954,0.66,NaN,0.447,-0.126,-0.093,-0.632,NaN,-0.833
8/1/1954,2.611,NaN,0.45,-0.138,-0.111,-0.672,NaN,-0.955
7/1/1955,0.813,NaN,0.423,-0.141,-0.108,-0.635,NaN,-0.833
8/1/1955,0.874,NaN,0.456,-0.117,-0.077,-0.608,NaN,-0.833
9/1/1955,0.66,NaN,0.416,-0.16,-0.12,-0.66,NaN,-0.864
10/1/1955,1.087,NaN,0.52,-0.074,-0.032,-0.583,NaN,-0.925
11/1/1955,1.026,NaN,0.447,-0.141,-0.093,-0.632,NaN,-1.382
12/1/1955,0.843,NaN,0.334,-0.279,-0.23,-0.797,NaN,-1.321
1/1/1956,0.904,NaN,0.441,-0.157,-0.111,-0.663,NaN,-1.382
2/1/1956,0.874,NaN,0.316,-0.266,-0.233,-0.781,NaN,-1.443
3/1/1956,0.996,NaN,0.383,-0.205,-0.163,-0.708,NaN,-1.077
4/1/1956,0.935,NaN,0.41,-0.163,-0.114,-0.641,NaN,-1.047
5/1/1956,0.782,NaN,0.34,-0.221,-0.187,-0.711,NaN,-1.108
6/1/1956,0.782,NaN,0.426,-0.154,-0.114,-0.65,NaN,-0.833
7/1/1956,0.874,NaN,0.447,-0.132,-0.096,-0.638,NaN,-0.833
8/1/1956,0.965,NaN,0.49,-0.096,-0.053,-0.599,NaN,-0.833
9/1/1956,0.782,NaN,0.487,-0.114,-0.071,-0.626,NaN,-0.925
10/1/1956,0.813,NaN,0.465,-0.141,-0.096,-0.653,NaN,-0.894
11/1/1956,0.782,NaN,0.444,-0.16,-0.117,-0.678,NaN,-0.986
12/1/1956,0.782,NaN,0.383,-0.211,-0.169,-0.724,NaN,-1.382
1/1/1957,0.874,NaN,0.282,-0.294,-0.26,-0.803,NaN,-1.199
2/1/1957,NaN,NaN,0.334,-0.239,-0.202,-0.739,NaN,NaN
3/1/1957,0.843,NaN,0.423,-0.163,-0.117,-0.656,NaN,-0.955
4/1/1957,0.752,NaN,0.307,-0.282,-0.239,-0.784,NaN,-1.138
5/1/1957,0.691,NaN,0.41,-0.178,-0.141,-0.693,NaN,-0.925
6/1/1957,0.813,NaN,0.432,-0.166,-0.126,-0.681,NaN,-0.864
7/1/1957,0.752,NaN,0.474,-0.135,-0.09,-0.65,NaN,-0.925
8/1/1957,0.904,NaN,0.447,-0.163,-0.117,-0.681,NaN,-1.047
9/1/1957,0.904,NaN,0.429,-0.163,-0.123,-0.675,NaN,-0.955
10/1/1957,0.904,NaN,0.453,-0.129,-0.093,-0.638,NaN,-1.047
11/1/1957,0.935,NaN,0.419,-0.172,-0.132,-0.681,NaN,-0.986
12/1/1957,0.813,NaN,0.352,-0.227,-0.187,-0.73,NaN,-1.047
1/1/1958,0.904,NaN,0.432,-0.138,-0.102,-0.635,NaN,-1.047
2/1/1958,1.026,NaN,0.401,-0.184,-0.147,-0.693,NaN,-1.016
3/1/1958,1.057,NaN,0.529,-0.062,-0.016,-0.565,NaN,-1.047
4/1/1958,1.178,NaN,0.487,-0.129,-0.071,-0.629,NaN,-0.925
5/1/1958,0.813,NaN,0.423,-0.193,-0.138,-0.699,NaN,-1.077
6/1/1958,0.752,NaN,0.465,-0.147,-0.099,-0.666,NaN,-0.894
7/1/1958,0.721,NaN,0.477,-0.123,-0.083,-0.647,NaN,-0.833
8/1/1958,0.874,NaN,0.487,-0.117,-0.071,-0.632,NaN,-0.833
9/1/1958,0.874,NaN,0.499,-0.102,-0.059,-0.62,NaN,-0.955
10/1/1958,0.935,NaN,0.526,-0.068,-0.026,-0.577,NaN,-1.108
11/1/1958,1.117,NaN,0.453,-0.138,-0.111,-0.675,NaN,-1.321
12/1/1958,0.935,NaN,0.371,-0.236,-0.187,-0.748,NaN,-1.169
1/1/1959,0.691,NaN,0.34,-0.263,-0.218,-0.778,NaN,-1.504
2/1/1959,0.66,NaN,0.288,-0.312,-0.279,-0.848,NaN,-1.412
3/1/1959,0.843,NaN,0.362,-0.248,-0.199,-0.757,NaN,-1.199
4/1/1959,0.904,NaN,0.398,-0.199,-0.16,-0.717,NaN,-0.955
5/1/1959,0.752,NaN,0.349,-0.248,-0.208,-0.766,NaN,-1.077
6/1/1959,0.874,NaN,0.45,-0.144,-0.102,-0.656,NaN,-0.925
7/1/1959,0.782,NaN,0.377,-0.202,-0.163,-0.705,NaN,-0.864
8/1/1959,0.691,NaN,0.459,-0.123,-0.086,-0.632,NaN,-0.864
9/1/1959,0.721,NaN,0.456,-0.15,-0.102,-0.663,NaN,-0.833
10/1/1959,0.874,NaN,0.493,-0.12,-0.074,-0.641,NaN,-0.955
11/1/1959,0.965,NaN,0.435,-0.181,-0.144,-0.724,NaN,-1.199
12/1/1959,1.178,NaN,0.447,-0.169,-0.129,-0.705,NaN,-1.108
1/1/1960,1.178,NaN,0.441,-0.178,-0.141,-0.72,NaN,-1.138
2/1/1960,1.209,NaN,0.432,-0.169,-0.12,-0.672,NaN,-1.199
3/1/1960,0.782,NaN,0.447,-0.15,-0.111,-0.666,NaN,-1.108
4/1/1960,0.721,NaN,0.426,-0.157,-0.108,-0.641,NaN,-0.955
5/1/1960,0.904,NaN,0.493,-0.096,-0.044,-0.58,NaN,-0.833
6/1/1960,0.996,NaN,0.499,-0.102,-0.053,-0.605,NaN,-0.864
7/1/1960,0.904,NaN,0.502,-0.111,-0.062,-0.626,NaN,-0.894
8/1/1960,0.874,NaN,0.502,-0.105,-0.053,-0.608,NaN,-0.864
9/1/1960,1.361,NaN,0.49,-0.114,-0.074,-0.638,NaN,-0.833
10/1/1960,0.935,NaN,0.511,-0.102,-0.056,-0.62,NaN,-0.864
11/1/1960,0.904,NaN,0.419,-0.169,-0.129,-0.681,NaN,-0.955
12/1/1960,1.026,NaN,0.377,-0.239,-0.184,-0.748,NaN,-1.047
1/1/1961,1.148,NaN,0.346,-0.239,-0.196,-0.742,NaN,-1.108
2/1/1961,0.904,NaN,0.392,-0.178,-0.15,-0.693,NaN,-1.016
3/1/1961,0.874,NaN,0.438,-0.135,-0.099,-0.632,NaN,-1.016
4/1/1961,0.965,NaN,0.474,-0.105,-0.068,-0.608,NaN,-0.894
5/1/1961,0.721,NaN,0.423,-0.184,-0.129,-0.681,NaN,-0.986
6/1/1961,0.752,NaN,0.395,-0.163,-0.141,-0.681,NaN,-0.894
7/1/1961,0.874,NaN,0.483,-0.132,-0.086,-0.66,NaN,-0.864
8/1/1961,0.813,NaN,0.416,-0.169,-0.141,-0.699,NaN,-1.016
9/1/1961,1.117,NaN,0.48,-0.114,-0.068,-0.617,NaN,-0.833
10/1/1961,1.117,NaN,0.477,-0.093,-0.059,-0.595,NaN,-0.772
11/1/1961,0.843,NaN,0.429,-0.16,-0.111,-0.653,NaN,-0.955
12/1/1961,0.904,NaN,0.383,-0.208,-0.163,-0.708,NaN,-1.108
1/1/1962,0.965,NaN,0.295,-0.288,-0.254,-0.803,NaN,-1.199
2/1/1962,0.874,NaN,0.41,-0.187,-0.144,-0.702,NaN,-1.047
3/1/1962,1.3,NaN,0.483,-0.111,-0.062,-0.608,NaN,-1.047
4/1/1962,0.752,NaN,0.38,-0.233,-0.187,-0.754,NaN,-1.138
5/1/1962,0.843,NaN,0.423,-0.193,-0.144,-0.714,NaN,-0.955
6/1/1962,0.752,NaN,0.444,-0.154,-0.114,-0.669,NaN,-0.894
7/1/1962,0.752,NaN,0.483,-0.117,-0.074,-0.632,NaN,-0.803
8/1/1962,0.782,0.517,0.468,-0.117,-0.083,-0.632,-0.66,-0.925
9/1/1962,0.843,NaN,0.447,-0.135,-0.102,-0.653,NaN,-0.986
10/1/1962,0.965,NaN,0.493,-0.086,-0.053,-0.595,NaN,-1.047
11/1/1962,0.965,NaN,0.468,-0.102,-0.071,-0.608,NaN,-0.925
12/1/1962,1.087,NaN,0.386,-0.199,-0.16,-0.705,NaN,-1.29
1/1/1963,1.057,NaN,0.377,-0.236,-0.181,-0.742,NaN,-1.321
2/1/1963,0.63,NaN,0.261,-0.333,-0.291,-0.845,NaN,-1.199
3/1/1963,0.904,NaN,0.389,-0.208,-0.16,-0.708,NaN,-1.047
4/1/1963,1.026,NaN,0.407,-0.169,-0.126,-0.66,NaN,-1.108
5/1/1963,0.721,NaN,0.352,-0.221,-0.184,-0.724,NaN,-1.077
6/1/1963,0.843,NaN,0.426,-0.157,-0.12,-0.663,NaN,-0.925
7/1/1963,0.843,NaN,0.419,-0.144,-0.114,-0.644,NaN,-0.803
8/1/1963,0.66,NaN,0.41,-0.16,-0.12,-0.647,NaN,-0.864
9/1/1963,0.904,NaN,0.453,-0.141,-0.105,-0.663,NaN,-0.894
10/1/1963,0.843,NaN,0.432,-0.166,-0.126,-0.687,NaN,-0.986
11/1/1963,1.544,NaN,0.505,-0.093,-0.053,-0.611,NaN,-1.199
12/1/1963,0.904,NaN,0.371,-0.242,-0.193,-0.76,NaN,-1.29
1/1/1964,0.813,NaN,0.368,-0.227,-0.184,-0.736,NaN,-1.138
2/1/1964,0.904,NaN,0.34,-0.251,-0.205,-0.751,NaN,-1.169
3/1/1964,0.843,NaN,0.359,-0.214,-0.175,-0.711,NaN,-1.077
4/1/1964,0.691,NaN,0.27,-0.291,-0.248,-0.769,NaN,-1.138
5/1/1964,0.843,NaN,0.362,-0.211,-0.169,-0.699,NaN,-0.925
6/1/1964,0.874,NaN,0.383,-0.19,-0.15,-0.684,NaN,-0.925
7/1/1964,0.874,NaN,0.401,-0.16,-0.132,-0.666,NaN,-0.864
8/1/1964,0.782,NaN,0.441,-0.15,-0.108,-0.653,NaN,-0.864
9/1/1964,0.813,NaN,0.432,-0.147,-0.111,-0.653,NaN,-0.833
10/1/1964,0.813,NaN,0.45,-0.147,-0.102,-0.656,NaN,-0.894
11/1/1964,1.087,NaN,0.441,-0.138,-0.102,-0.647,NaN,-1.077
12/1/1964,0.843,NaN,0.337,-0.23,-0.199,-0.733,NaN,-1.199
1/1/1965,0.996,NaN,0.352,-0.205,-0.178,-0.708,NaN,-1.138
2/1/1965,0.782,NaN,0.34,-0.218,-0.19,-0.72,NaN,-1.108
3/1/1965,0.874,NaN,0.337,-0.233,-0.199,-0.736,NaN,-1.169
4/1/1965,0.782,NaN,0.386,-0.178,-0.147,-0.678,NaN,-0.986
5/1/1965,0.752,NaN,0.38,-0.187,-0.16,-0.696,NaN,-0.925
6/1/1965,NaN,NaN,0.401,-0.169,-0.138,-0.678,NaN,NaN
7/1/1965,NaN,NaN,0.395,-0.175,-0.15,-0.696,NaN,NaN
8/1/1965,NaN,NaN,0.386,-0.193,-0.163,-0.711,NaN,NaN
9/1/1965,0.813,NaN,0.41,-0.163,-0.126,-0.666,NaN,-0.894
10/1/1965,0.965,NaN,0.404,-0.141,-0.114,-0.632,NaN,-0.833
11/1/1965,0.874,NaN,0.404,-0.15,-0.12,-0.647,NaN,-0.986
12/1/1965,0.782,NaN,0.362,-0.202,-0.169,-0.702,NaN,-1.047
1/1/1966,1.026,NaN,0.392,-0.172,-0.141,-0.675,NaN,-1.382
2/1/1966,0.782,NaN,0.337,-0.23,-0.196,-0.73,NaN,-1.016
3/1/1966,0.874,NaN,0.349,-0.211,-0.169,-0.69,NaN,-1.047
4/1/1966,0.843,NaN,0.355,-0.211,-0.175,-0.705,NaN,-1.016
5/1/1966,0.721,NaN,0.371,-0.211,-0.163,-0.699,NaN,-1.047
6/1/1966,0.66,NaN,0.377,-0.19,-0.15,-0.678,NaN,-0.864
7/1/1966,NaN,NaN,0.407,-0.15,-0.114,-0.635,NaN,NaN
9/1/1966,0.996,NaN,0.48,-0.086,-0.053,-0.586,NaN,-0.894
10/1/1966,0.813,NaN,0.374,-0.19,-0.163,-0.696,NaN,-1.047
11/1/1966,0.752,NaN,0.438,-0.129,-0.102,-0.638,NaN,-0.955
12/1/1966,1.239,NaN,0.371,-0.205,-0.175,-0.717,NaN,-1.26
1/1/1967,0.996,NaN,0.374,-0.199,-0.175,-0.727,NaN,-0.986
2/1/1967,0.813,NaN,0.337,-0.23,-0.205,-0.745,NaN,-1.473
3/1/1967,0.965,NaN,0.352,-0.221,-0.175,-0.699,NaN,-1.016
4/1/1967,0.996,NaN,0.371,-0.163,-0.129,-0.629,NaN,-0.955
5/1/1967,NaN,NaN,0.416,-0.132,-0.102,-0.623,NaN,NaN
6/1/1967,NaN,NaN,0.389,-0.15,-0.12,-0.632,NaN,NaN
7/1/1967,0.66,NaN,0.392,-0.135,-0.102,-0.599,NaN,-0.833
8/1/1967,0.691,NaN,0.41,-0.138,-0.102,-0.614,NaN,-0.772
9/1/1967,0.691,NaN,0.423,-0.132,-0.093,-0.608,NaN,-0.925
10/1/1967,0.965,NaN,0.432,-0.141,-0.105,-0.641,NaN,-0.925
11/1/1967,1.026,NaN,0.401,-0.181,-0.138,-0.678,NaN,-1.077
12/1/1967,0.996,NaN,0.419,-0.147,-0.105,-0.629,NaN,-0.925
1/1/1968,0.782,NaN,0.282,-0.282,-0.233,-0.748,NaN,-1.534
2/1/1968,0.63,NaN,0.31,-0.242,-0.202,-0.714,NaN,-1.169
3/1/1968,0.813,NaN,0.316,-0.239,-0.19,-0.696,NaN,-1.199
4/1/1968,0.843,NaN,0.261,-0.251,-0.211,-0.684,NaN,-1.016
5/1/1968,0.874,NaN,0.401,-0.114,-0.09,-0.58,NaN,-0.925
6/1/1968,0.996,NaN,0.462,-0.086,-0.047,-0.559,NaN,-0.772
7/1/1968,0.721,NaN,0.426,-0.138,-0.099,-0.623,NaN,-0.864
8/1/1968,0.752,NaN,0.444,-0.114,-0.08,-0.605,NaN,-0.742
9/1/1968,0.843,NaN,0.355,-0.178,-0.154,-0.663,NaN,-1.016
10/1/1968,0.935,NaN,0.41,-0.15,-0.111,-0.635,NaN,-1.016
11/1/1968,1.117,NaN,0.474,-0.099,-0.062,-0.599,NaN,-1.169
12/1/1968,1.117,NaN,0.328,-0.227,-0.187,-0.705,NaN,-1.138
1/1/1969,NaN,NaN,0.301,-0.245,-0.205,-0.711,NaN,NaN
2/1/1969,0.813,NaN,0.38,-0.166,-0.129,-0.641,NaN,-1.138
3/1/1969,0.721,NaN,0.359,-0.178,-0.147,-0.653,NaN,-0.955
4/1/1969,0.721,NaN,0.349,-0.193,-0.16,-0.669,NaN,-1.077
5/1/1969,0.843,NaN,0.389,-0.175,-0.135,-0.66,NaN,-0.894
6/1/1969,0.874,NaN,0.459,-0.114,-0.068,-0.599,NaN,-0.833
7/1/1969,0.904,NaN,0.48,-0.108,-0.059,-0.602,NaN,-0.894
8/1/1969,0.874,NaN,0.487,-0.083,-0.044,-0.574,NaN,-0.833
9/1/1969,0.904,NaN,0.49,-0.065,-0.029,-0.547,NaN,-0.772
10/1/1969,0.843,NaN,0.474,-0.068,-0.032,-0.541,NaN,-0.894
11/1/1969,1.026,NaN,0.487,-0.056,-0.019,-0.528,NaN,-0.864
12/1/1969,0.996,NaN,0.444,-0.099,-0.062,-0.568,NaN,-1.016
1/1/1970,0.965,NaN,0.368,-0.175,-0.135,-0.638,NaN,-0.986
2/1/1970,0.935,NaN,0.377,-0.169,-0.147,-0.669,NaN,-1.047
3/1/1970,0.965,NaN,0.362,-0.187,-0.15,-0.66,NaN,-1.077
4/1/1970,0.904,NaN,0.404,-0.15,-0.108,-0.623,NaN,-1.047
5/1/1970,0.752,NaN,0.386,-0.184,-0.141,-0.672,NaN,-0.894
6/1/1970,0.782,NaN,0.441,-0.117,-0.077,-0.599,NaN,-0.803
7/1/1970,0.843,NaN,0.435,-0.111,-0.074,-0.58,NaN,-0.833
8/1/1970,NaN,NaN,0.471,-0.08,-0.041,-0.553,NaN,NaN
9/1/1970,NaN,NaN,0.453,-0.102,-0.062,-0.574,NaN,NaN
10/1/1970,0.935,NaN,0.459,-0.096,-0.062,-0.583,NaN,-0.833
11/1/1970,1.057,NaN,0.508,-0.047,-0.01,-0.531,NaN,-0.711
12/1/1970,1.148,NaN,0.493,-0.077,-0.047,-0.583,NaN,-0.864
1/1/1971,NaN,NaN,0.444,-0.138,-0.096,-0.635,NaN,NaN
2/1/1971,NaN,NaN,0.398,-0.169,-0.126,-0.65,NaN,NaN
3/1/1971,1.127,NaN,0.426,-0.15,-0.108,-0.644,NaN,-1.105
4/1/1971,1.002,NaN,0.429,-0.126,-0.083,-0.599,NaN,-0.925
5/1/1971,0.828,NaN,0.429,-0.117,-0.071,-0.574,NaN,-0.778
6/1/1971,NaN,NaN,0.435,-0.108,-0.065,-0.565,NaN,NaN
7/1/1971,NaN,NaN,0.41,-0.126,-0.083,-0.577,NaN,NaN
8/1/1971,NaN,NaN,0.423,-0.12,-0.077,-0.577,NaN,NaN
9/1/1971,0.816,NaN,0.459,-0.102,-0.062,-0.583,NaN,-0.934
10/1/1971,NaN,NaN,0.511,-0.065,-0.022,-0.556,NaN,NaN
11/1/1971,1.014,NaN,0.532,-0.053,-0.01,-0.556,NaN,-1.01
12/1/1971,0.779,NaN,0.392,-0.199,-0.154,-0.699,NaN,-1.315
1/1/1972,0.828,NaN,0.355,-0.211,-0.175,-0.708,NaN,-1.287
2/1/1972,1.407,NaN,0.374,-0.19,-0.154,-0.681,NaN,-1.111
3/1/1972,1.075,NaN,0.413,-0.141,-0.099,-0.614,NaN,-0.897
4/1/1972,1.026,NaN,0.407,-0.135,-0.105,-0.617,NaN,-0.885
5/1/1972,0.956,NaN,0.429,-0.086,-0.059,-0.55,NaN,-0.931
6/1/1972,1.075,NaN,0.511,-0.032,0.002,-0.507,NaN,-0.754
7/1/1972,0.724,NaN,0.499,-0.068,-0.026,-0.55,NaN,-0.861
8/1/1972,0.8,NaN,0.48,-0.077,-0.047,-0.577,NaN,-0.791
9/1/1972,0.843,NaN,0.52,-0.038,-0.007,-0.535,NaN,-0.897
10/1/1972,1.032,NaN,0.477,-0.099,-0.059,-0.592,NaN,-0.888
11/1/1972,1.377,NaN,0.566,-0.019,0.029,-0.507,NaN,-0.861
12/1/1972,1.178,NaN,0.477,-0.077,-0.041,-0.559,NaN,-1.309
1/1/1973,0.849,NaN,0.401,-0.141,-0.111,-0.623,NaN,-1.044
2/1/1973,1.029,NaN,0.429,-0.138,-0.093,-0.614,NaN,-0.919
3/1/1973,NaN,NaN,0.453,-0.108,-0.065,-0.58,NaN,NaN
4/1/1973,NaN,NaN,0.465,-0.102,-0.056,-0.574,NaN,NaN
5/1/1973,NaN,NaN,0.496,-0.087,-0.029,-0.553,NaN,NaN
6/1/1973,0.877,NaN,0.465,-0.123,-0.071,-0.611,NaN,-0.882
7/1/1973,0.861,NaN,0.52,-0.077,-0.029,-0.58,NaN,-0.833
8/1/1973,0.779,NaN,0.511,-0.074,-0.032,-0.574,NaN,-0.836
9/1/1973,0.868,NaN,0.514,-0.068,-0.022,-0.562,NaN,-0.812
10/1/1973,0.858,NaN,0.474,-0.096,-0.053,-0.577,NaN,-0.809
11/1/1973,0.764,NaN,0.413,-0.175,-0.132,-0.681,NaN,-1.004
12/1/1973,0.919,NaN,0.398,-0.175,-0.138,-0.672,NaN,-0.986
1/1/1974,0.892,NaN,0.423,-0.154,-0.114,-0.647,NaN,-1.095
2/1/1974,0.996,NaN,0.413,-0.169,-0.132,-0.678,NaN,-1.254
3/1/1974,0.922,NaN,0.365,-0.218,-0.169,-0.705,NaN,-1.153
4/1/1974,0.779,NaN,0.407,-0.181,-0.132,-0.675,NaN,-0.992
5/1/1974,0.813,NaN,0.456,-0.141,-0.093,-0.641,NaN,-0.873
6/1/1974,NaN,NaN,0.471,-0.117,-0.071,-0.614,NaN,NaN
7/1/1974,NaN,NaN,0.499,-0.083,-0.038,-0.574,NaN,NaN
8/1/1974,NaN,NaN,0.447,-0.126,-0.083,-0.614,NaN,NaN
9/1/1974,0.919,NaN,0.496,-0.09,-0.047,-0.592,NaN,-0.867
10/1/1974,0.828,NaN,0.401,-0.187,-0.147,-0.696,NaN,-1.004
11/1/1974,1.181,NaN,0.459,-0.129,-0.09,-0.641,NaN,-1.053
12/1/1974,1.541,NaN,0.456,-0.147,-0.102,-0.66,NaN,-1.092
1/1/1975,0.913,NaN,0.395,-0.205,-0.163,-0.72,NaN,-1.245
2/1/1975,0.956,NaN,0.377,-0.205,-0.163,-0.705,NaN,-1.178
3/1/1975,0.864,NaN,0.416,-0.181,-0.135,-0.687,NaN,-1.226
4/1/1975,0.971,NaN,0.413,-0.175,-0.126,-0.666,NaN,-0.955
5/1/1975,0.761,NaN,0.441,-0.132,-0.09,-0.62,NaN,-0.836
6/1/1975,0.715,NaN,0.45,-0.126,-0.08,-0.614,NaN,-0.842
7/1/1975,0.807,NaN,0.468,-0.102,-0.059,-0.589,NaN,-0.763
8/1/1975,0.81,NaN,0.483,-0.09,-0.047,-0.58,NaN,-0.919
9/1/1975,0.895,NaN,0.468,-0.123,-0.08,-0.632,NaN,-0.937
10/1/1975,0.947,NaN,0.535,-0.059,-0.022,-0.577,NaN,-1.013
11/1/1975,0.925,NaN,0.541,-0.071,-0.022,-0.583,NaN,-1.047
12/1/1975,0.913,NaN,0.465,-0.147,-0.102,-0.669,NaN,-1.123
1/1/1976,0.892,NaN,0.392,-0.193,-0.154,-0.702,NaN,-1.187
2/1/1976,1.319,NaN,0.365,-0.218,-0.181,-0.724,NaN,-1.565
3/1/1976,NaN,NaN,0.401,-0.199,-0.157,-0.714,NaN,NaN
4/1/1976,NaN,NaN,0.398,-0.187,-0.141,-0.681,NaN,NaN
5/1/1976,NaN,NaN,0.413,-0.172,-0.132,-0.678,NaN,NaN
6/1/1976,0.88,0.508,0.441,-0.157,-0.114,-0.666,-0.687,-0.852
7/1/1976,0.846,0.581,0.52,-0.086,-0.038,-0.595,-0.626,-0.791
8/1/1976,0.819,0.551,0.487,-0.117,-0.068,-0.623,-0.663,-0.882
9/1/1976,0.91,0.554,0.508,-0.099,-0.05,-0.608,-0.641,-0.885
10/1/1976,0.944,0.548,0.468,-0.126,-0.09,-0.647,-0.699,-1.202
11/1/1976,0.861,NaN,0.374,-0.218,-0.175,-0.727,NaN,-1.089
12/1/1976,1.02,NaN,0.282,-0.3,-0.26,-0.803,NaN,-1.354
1/1/1977,0.968,NaN,0.285,-0.294,-0.254,-0.797,NaN,-1.284
2/1/1977,0.672,NaN,0.316,-0.272,-0.23,-0.778,NaN,-1.184
3/1/1977,1.078,NaN,0.352,-0.221,-0.181,-0.711,NaN,-1.004
4/1/1977,0.889,NaN,0.328,-0.257,-0.218,-0.766,NaN,-1.053
5/1/1977,0.886,NaN,0.438,-0.172,-0.123,-0.684,NaN,-1.013
6/1/1977,0.934,0.605,0.526,-0.09,-0.035,-0.595,-0.62,-0.897
7/1/1977,0.84,NaN,0.413,-0.206,-0.157,-0.73,NaN,-1.025
8/1/1977,0.7,0.544,0.487,-0.117,-0.08,-0.644,-0.684,-0.946
9/1/1977,0.883,0.618,0.56,-0.041,0.002,-0.556,-0.589,-0.971
10/1/1977,1.081,0.56,0.496,-0.096,-0.053,-0.602,-0.641,-0.998
11/1/1977,1.096,0.526,0.453,-0.135,-0.093,-0.635,-0.687,-1.074
12/1/1977,1.029,0.553,0.468,-0.123,-0.077,-0.623,-0.684,-1.51
1/1/1978,1.648,NaN,0.413,-0.193,-0.144,-0.705,NaN,-1.333
2/1/1978,1.544,NaN,0.496,-0.108,-0.059,-0.614,NaN,-0.919
3/1/1978,0.828,0.447,0.392,-0.202,-0.157,-0.705,-0.763,-1.397
4/1/1978,NaN,NaN,0.496,-0.108,-0.062,-0.62,NaN,NaN
5/1/1978,NaN,NaN,0.486,-0.117,-0.071,-0.629,NaN,NaN
6/1/1978,0.886,0.532,0.465,-0.126,-0.086,-0.638,-0.675,-0.836
7/1/1978,0.822,0.544,0.49,-0.108,-0.059,-0.605,-0.644,-0.91
8/1/1978,0.907,NaN,0.502,-0.086,-0.047,-0.595,NaN,-0.809
9/1/1978,0.864,0.572,0.535,-0.056,-0.013,-0.562,-0.589,-0.791
10/1/1978,NaN,NaN,0.541,-0.068,-0.022,-0.583,NaN,NaN
11/1/1978,0.932,NaN,0.514,-0.099,-0.053,-0.617,NaN,-0.992
12/1/1978,1.023,NaN,0.429,-0.196,-0.15,-0.727,NaN,-1.233
1/1/1979,1.279,0.59,0.508,-0.108,-0.059,-0.629,-0.687,-1.019
2/1/1979,NaN,0.432,0.368,-0.239,-0.196,-0.76,-0.8,NaN
3/1/1979,0.788,0.435,0.386,-0.211,-0.163,-0.714,-0.754,-1.162
4/1/1979,0.922,0.496,0.432,-0.16,-0.114,-0.663,-0.696,-0.912
5/1/1979,0.764,0.483,0.419,-0.16,-0.117,-0.65,-0.678,-0.815
6/1/1979,0.858,0.523,0.456,-0.135,-0.086,-0.629,-0.654,-0.839
7/1/1979,0.813,0.547,0.489,-0.102,-0.056,-0.599,-0.626,-0.873
8/1/1979,0.941,0.578,0.514,-0.074,-0.032,-0.58,-0.617,-0.852
9/1/1979,0.959,0.557,0.49,-0.108,-0.059,-0.611,-0.65,-0.845
10/1/1979,1.057,0.584,0.511,-0.102,-0.053,-0.617,-0.656,-1.053
11/1/1979,0.932,0.514,0.441,-0.172,-0.123,-0.687,-0.724,-0.943
12/1/1979,0.694,0.471,0.383,-0.224,-0.178,-0.739,-0.778,-1.062
1/1/1980,1.017,0.462,0.371,-0.221,-0.175,-0.721,-0.788,-1.144
2/1/1980,0.855,0.462,0.386,-0.193,-0.148,-0.678,-0.73,-1.138
3/1/1980,1.081,0.441,0.358,-0.224,-0.187,-0.733,-0.803,-1.516
4/1/1980,0.956,0.471,0.413,-0.163,-0.114,-0.644,-0.684,-1.01
5/1/1980,0.846,0.547,0.471,-0.114,-0.065,-0.605,-0.629,-0.882
6/1/1980,0.803,0.556,0.474,-0.123,-0.077,-0.629,-0.663,-0.925
7/1/1980,0.822,0.563,0.499,-0.108,-0.059,-0.614,-0.651,-0.775
8/1/1980,0.77,0.581,0.52,-0.093,-0.041,-0.602,-0.632,-0.87
9/1/1980,0.928,0.529,0.48,-0.123,-0.077,-0.635,-0.675,-1.074
10/1/1980,1.136,0.541,0.471,-0.126,-0.077,-0.626,-0.675,-1.266
11/1/1980,1.127,0.514,0.426,-0.157,-0.117,-0.656,-0.708,-1.062
12/1/1980,0.703,0.416,0.322,-0.254,-0.218,-0.757,-0.8,-1.248
1/1/1981,0.648,0.359,0.285,-0.3,-0.26,-0.806,-0.848,-1.092
2/1/1981,0.804,0.401,0.34,-0.248,-0.208,-0.757,-0.821,-1.126
3/1/1981,0.935,0.48,0.419,-0.15,-0.111,-0.641,-0.69,-1.031
4/1/1981,0.697,0.41,0.349,-0.239,-0.196,-0.742,-0.781,-1.169
5/1/1981,0.983,0.554,0.474,-0.135,-0.086,-0.647,-0.672,-0.964
6/1/1981,0.877,0.581,0.499,-0.111,-0.065,-0.629,-0.656,-0.94
7/1/1981,0.785,0.581,0.511,-0.099,-0.05,-0.608,-0.641,-0.943
8/1/1981,0.688,0.566,0.508,-0.086,-0.044,-0.592,-0.626,-0.821
9/1/1981,0.852,0.593,0.529,-0.056,-0.01,-0.553,-0.586,-0.894
10/1/1981,0.919,0.529,0.453,-0.132,-0.086,-0.626,-0.672,-0.925
11/1/1981,0.938,0.566,0.49,-0.093,-0.05,-0.586,-0.62,-0.98
12/1/1981,1.026,0.535,0.441,-0.138,-0.096,-0.635,-0.693,-1.105
1/1/1982,0.916,0.459,0.359,-0.233,-0.187,-0.733,-0.791,-1.19
2/1/1982,0.81,0.432,0.365,-0.221,-0.175,-0.711,-0.772,-1.226
3/1/1982,0.779,0.441,0.371,-0.214,-0.169,-0.711,-0.748,-1.257
4/1/1982,0.755,0.416,0.334,-0.248,-0.205,-0.745,-0.8,-1.159
5/1/1982,0.84,0.49,0.429,-0.16,-0.111,-0.65,-0.672,-0.903
6/1/1982,0.953,0.621,0.548,-0.038,0.014,-0.516,-0.55,-0.754
7/1/1982,0.919,0.541,0.465,-0.099,-0.059,-0.583,-0.617,-0.806
8/1/1982,0.791,0.538,0.468,-0.093,-0.059,-0.586,-0.623,-0.864
9/1/1982,0.837,0.526,0.48,-0.09,-0.05,-0.58,-0.62,-0.751
10/1/1982,0.883,0.602,0.544,-0.029,0.011,-0.525,-0.562,-0.781
11/1/1982,0.916,0.493,0.416,-0.166,-0.126,-0.672,-0.714,-1.034
12/1/1982,0.88,0.569,0.468,-0.129,-0.086,-0.641,-0.699,-1.004
1/1/1983,1.02,0.523,0.438,-0.154,-0.111,-0.66,-0.699,-1.016
2/1/1983,0.932,0.541,0.474,-0.086,-0.047,-0.565,-0.623,-0.967
3/1/1983,0.904,0.578,0.511,-0.065,-0.016,-0.547,-0.586,-1.041
4/1/1983,0.935,0.563,0.496,-0.065,-0.022,-0.544,-0.583,-0.852
5/1/1983,0.797,0.526,0.45,-0.108,-0.065,-0.583,-0.602,-0.727
6/1/1983,0.8,0.538,0.468,-0.09,-0.047,-0.559,-0.577,-0.818
7/1/1983,0.913,0.587,0.52,-0.044,-0.001,-0.525,-0.556,-0.788
8/1/1983,0.959,0.608,0.532,-0.041,0.002,-0.528,-0.559,-0.766
9/1/1983,0.901,0.59,0.517,-0.056,-0.016,-0.553,-0.586,-0.8
10/1/1983,1.032,0.624,0.548,-0.035,0.008,-0.535,-0.562,-0.8
11/1/1983,1.188,0.685,0.578,-0.001,0.038,-0.504,-0.571,-1.007
12/1/1983,0.913,0.526,0.438,-0.12,-0.08,-0.602,-0.66,-1.007
1/1/1984,0.813,0.459,0.374,-0.178,-0.138,-0.65,-0.696,-1.19
2/1/1984,0.916,0.49,0.398,-0.163,-0.123,-0.641,-0.696,-0.891
3/1/1984,0.959,0.517,0.444,-0.117,-0.074,-0.595,-0.638,-0.925
4/1/1984,1.053,0.596,0.526,-0.026,0.017,-0.489,-0.522,-0.739
5/1/1984,0.819,0.532,0.453,-0.099,-0.062,-0.574,-0.595,-0.781
6/1/1984,0.788,0.584,0.502,-0.059,-0.013,-0.528,-0.556,-0.775
7/1/1984,0.797,0.572,0.499,-0.077,-0.035,-0.571,-0.599,-0.809
8/1/1984,0.831,0.612,0.538,-0.044,0.002,-0.535,-0.571,-0.8
9/1/1984,0.965,0.572,0.49,-0.086,-0.047,-0.583,-0.623,-0.955
10/1/1984,0.932,0.587,0.523,-0.044,-0.004,-0.531,-0.562,-0.858
11/1/1984,0.874,0.587,0.493,-0.062,-0.029,-0.547,-0.595,-0.961
12/1/1984,1.041,0.511,0.41,-0.135,-0.099,-0.608,-0.672,-1.056
1/1/1985,0.846,0.471,0.392,-0.147,-0.111,-0.611,-0.672,-1.126
2/1/1985,0.858,0.438,0.371,-0.181,-0.15,-0.672,-0.73,-1.208
3/1/1985,0.73,0.423,0.359,-0.187,-0.147,-0.65,-0.705,-1.034
4/1/1985,0.938,0.465,0.401,-0.154,-0.117,-0.632,-0.663,-0.879
5/1/1985,0.925,0.548,0.471,-0.099,-0.056,-0.583,-0.614,-0.983
6/1/1985,0.877,0.563,0.48,-0.086,-0.044,-0.568,-0.599,-0.797
7/1/1985,0.788,0.56,0.48,-0.086,-0.047,-0.574,-0.605,-0.76
8/1/1985,0.834,0.557,0.493,-0.068,-0.029,-0.55,-0.583,-0.72
9/1/1985,0.938,0.584,0.511,-0.041,-0.004,-0.522,-0.565,-0.861
10/1/1985,1.069,0.541,0.468,-0.08,-0.05,-0.565,-0.605,-0.83
11/1/1985,0.999,0.593,0.505,-0.044,-0.007,-0.522,-0.571,-0.964
12/1/1985,1.139,0.538,0.429,-0.123,-0.083,-0.595,-0.656,-0.864
1/1/1986,0.794,0.419,0.334,-0.227,-0.187,-0.705,-0.778,-1.242
2/1/1986,0.703,0.471,0.413,-0.132,-0.096,-0.605,-0.644,-0.897
3/1/1986,0.688,0.413,0.334,-0.221,-0.181,-0.696,-0.742,-1.19
4/1/1986,0.901,0.572,0.493,-0.065,-0.026,-0.544,-0.574,-0.855
5/1/1986,0.898,0.544,0.459,-0.096,-0.05,-0.556,-0.589,-0.824
6/1/1986,0.944,0.523,0.444,-0.102,-0.065,-0.574,-0.611,-0.812
7/1/1986,0.947,0.572,0.496,-0.038,-0.004,-0.504,-0.538,-0.745
8/1/1986,0.925,0.526,0.456,-0.071,-0.038,-0.531,-0.565,-0.684
9/1/1986,0.764,0.52,0.45,-0.093,-0.059,-0.571,-0.614,-1.175
10/1/1986,0.941,0.566,0.496,-0.056,-0.019,-0.538,-0.574,-0.87
11/1/1986,0.922,0.529,0.429,-0.126,-0.093,-0.614,-0.666,-1.004
12/1/1986,1.297,0.526,0.419,-0.138,-0.096,-0.614,-0.684,-0.989
1/1/1987,1.428,0.587,0.48,-0.086,-0.047,-0.571,-0.632,-0.992
2/1/1987,0.782,0.41,0.343,-0.187,-0.147,-0.641,-0.684,-0.946
3/1/1987,0.91,0.554,0.483,-0.068,-0.029,-0.541,-0.583,-0.906
4/1/1987,0.837,0.511,0.441,-0.086,-0.05,-0.538,-0.577,-0.736
5/1/1987,0.666,0.477,0.401,-0.126,-0.086,-0.577,-0.602,-0.888
6/1/1987,0.819,0.538,0.462,-0.074,-0.038,-0.538,-0.562,-0.775
7/1/1987,0.925,0.566,0.496,-0.047,-0.01,-0.516,-0.547,-0.705
8/1/1987,0.929,0.563,0.496,-0.059,-0.019,-0.535,-0.565,-0.724
9/1/1987,0.864,0.56,0.477,-0.077,-0.041,-0.559,-0.592,-0.876
10/1/1987,0.947,0.544,0.453,-0.108,-0.068,-0.592,-0.635,-1.041
11/1/1987,0.916,0.535,0.435,-0.126,-0.083,-0.602,-0.65,-0.955
12/1/1987,0.929,0.59,0.487,-0.062,-0.032,-0.547,-0.608,-0.894
1/1/1988,0.947,0.432,0.328,-0.211,-0.178,-0.681,-0.72,-1.12
2/1/1988,0.919,0.459,0.371,-0.16,-0.126,-0.626,-0.693,-0.952
3/1/1988,0.794,0.386,0.319,-0.211,-0.181,-0.681,-0.72,-1.074
4/1/1988,0.913,0.575,0.49,-0.053,-0.019,-0.525,-0.562,-0.873
5/1/1988,0.736,0.508,0.413,-0.135,-0.099,-0.611,-0.635,-0.87
6/1/1988,0.81,0.566,0.468,-0.083,-0.044,-0.556,-0.586,-0.708
7/1/1988,0.822,0.523,0.45,-0.117,-0.077,-0.608,-0.641,-0.794
8/1/1988,0.843,0.551,0.474,-0.096,-0.056,-0.589,-0.626,-0.861
9/1/1988,0.883,0.517,0.432,-0.126,-0.09,-0.611,-0.653,-0.879
10/1/1988,1.181,0.538,0.45,-0.102,-0.059,-0.571,-0.623,-0.842
11/1/1988,0.797,0.493,0.404,-0.138,-0.102,-0.605,-0.681,-1.175
12/1/1988,0.767,0.432,0.349,-0.178,-0.147,-0.644,-0.693,-1.147
1/1/1989,0.819,0.426,0.331,-0.199,-0.169,-0.672,-0.736,-1.098
2/1/1989,0.776,0.404,0.334,-0.214,-0.184,-0.702,-0.766,-1.354
3/1/1989,0.764,0.371,0.313,-0.224,-0.187,-0.687,-0.733,-1.019
4/1/1989,0.932,0.426,0.352,-0.196,-0.157,-0.669,-0.699,-1.031
5/1/1989,0.822,0.49,0.407,-0.157,-0.114,-0.635,-0.672,-1.071
6/1/1989,0.794,0.532,0.45,-0.105,-0.065,-0.58,-0.614,-0.788
7/1/1989,0.706,0.532,0.453,-0.102,-0.068,-0.586,-0.623,-0.8
8/1/1989,0.813,0.563,0.493,-0.056,-0.019,-0.535,-0.565,-0.757
9/1/1989,0.929,0.52,0.462,-0.09,-0.053,-0.565,-0.595,-0.83
10/1/1989,0.947,0.541,0.456,-0.096,-0.059,-0.574,-0.608,-0.919
11/1/1989,0.974,0.526,0.426,-0.111,-0.077,-0.577,-0.638,-1.108
12/1/1989,0.767,0.407,0.328,-0.224,-0.187,-0.702,-0.745,-0.995
1/1/1990,0.861,0.419,0.328,-0.224,-0.184,-0.696,-0.766,-1.095
2/1/1990,0.758,0.429,0.343,-0.199,-0.166,-0.675,-0.739,-1.01
3/1/1990,0.666,0.395,0.322,-0.242,-0.205,-0.73,-0.766,-1.086
4/1/1990,0.861,0.432,0.346,-0.205,-0.172,-0.69,-0.72,-0.931
5/1/1990,0.968,0.538,0.459,-0.105,-0.062,-0.58,-0.611,-0.812
6/1/1990,0.935,0.538,0.453,-0.096,-0.059,-0.571,-0.608,-0.778
7/1/1990,0.794,0.517,0.441,-0.099,-0.062,-0.568,-0.605,-0.748
8/1/1990,0.849,0.535,0.474,-0.059,-0.026,-0.525,-0.565,-0.788
9/1/1990,0.834,0.538,0.477,-0.065,-0.032,-0.541,-0.58,-0.885
10/1/1990,0.834,0.56,0.493,-0.077,-0.035,-0.565,-0.62,-0.964
11/1/1990,0.977,0.538,0.432,-0.126,-0.093,-0.617,-0.681,-1.135
12/1/1990,1.288,0.49,0.395,-0.181,-0.141,-0.678,-0.739,-0.964
1/1/1991,NaN,0.502,0.416,-0.154,-0.117,-0.65,-0.714,NaN
2/1/1991,0.907,0.441,0.377,-0.178,-0.138,-0.653,-0.711,-1.205
3/1/1991,0.959,0.554,0.49,-0.074,-0.032,-0.556,-0.605,-0.894
4/1/1991,0.825,0.483,0.404,-0.15,-0.114,-0.632,-0.669,-0.964
5/1/1991,0.889,0.535,0.447,-0.105,-0.062,-0.574,-0.602,-0.806
6/1/1991,0.913,0.584,0.505,-0.053,-0.01,-0.525,-0.55,-0.803
7/1/1991,0.999,0.578,0.511,-0.056,-0.016,-0.544,-0.577,-0.809
8/1/1991,1.764,0.593,0.505,-0.077,-0.035,-0.574,-0.614,-0.791
9/1/1991,0.868,0.551,0.49,-0.086,-0.047,-0.58,-0.62,-0.803
10/1/1991,1.547,0.612,0.526,-0.05,-0.007,-0.538,-0.58,-0.882
11/1/1991,1.053,0.578,0.502,-0.071,-0.022,-0.55,-0.586,-0.909
12/1/1991,0.953,0.538,0.423,-0.129,-0.093,-0.608,-0.693,-1.025
1/1/1992,1.212,0.538,0.441,-0.114,-0.074,-0.589,-0.656,-1.175
2/1/1992,0.91,0.538,0.459,-0.099,-0.065,-0.592,-0.647,-1.001
3/1/1992,0.953,0.499,0.423,-0.126,-0.093,-0.605,-0.647,-0.952
4/1/1992,0.746,0.508,0.435,-0.126,-0.083,-0.599,-0.626,-0.903
5/1/1992,0.779,0.526,0.438,-0.132,-0.086,-0.611,-0.638,-0.845
6/1/1992,0.837,0.605,0.52,-0.047,-0.007,-0.531,-0.565,-0.73
7/1/1992,0.877,0.621,0.551,-0.038,0.005,-0.541,-0.58,-0.839
8/1/1992,0.953,0.575,0.505,-0.09,-0.041,-0.586,-0.632,-0.821
9/1/1992,0.892,0.557,0.49,-0.09,-0.047,-0.583,-0.62,-0.797
10/1/1992,0.898,0.56,0.49,-0.086,-0.038,-0.565,-0.602,-0.845
11/1/1992,0.938,0.535,0.462,-0.108,-0.062,-0.583,-0.626,-0.845
12/1/1992,1.3,0.544,0.453,-0.093,-0.053,-0.559,-0.623,-1.101
1/1/1993,0.846,0.471,0.386,-0.157,-0.117,-0.617,-0.681,-0.916
2/1/1993,0.932,0.526,0.471,-0.09,-0.053,-0.577,-0.638,-0.937
3/1/1993,1.142,0.45,0.389,-0.163,-0.12,-0.632,-0.684,-1.327
4/1/1993,0.91,0.593,0.532,-0.035,0.014,-0.504,-0.538,-0.821
5/1/1993,0.81,0.587,0.511,-0.071,-0.016,-0.547,-0.577,-0.912
6/1/1993,0.84,0.59,0.517,-0.062,-0.016,-0.55,-0.58,-0.696
7/1/1993,0.797,0.605,0.541,-0.038,0.011,-0.522,-0.559,-0.69
8/1/1993,0.913,0.575,0.529,-0.047,-0.004,-0.538,-0.571,-0.727
9/1/1993,1.026,0.563,0.514,-0.062,-0.019,-0.55,-0.586,-0.882
10/1/1993,0.983,0.56,0.49,-0.093,-0.053,-0.595,-0.641,-0.943
11/1/1993,0.904,0.517,0.438,-0.135,-0.093,-0.623,-0.678,-0.955
12/1/1993,1.035,0.575,0.474,-0.09,-0.053,-0.577,-0.65,-1.357
1/1/1994,0.892,0.417,0.326,-0.261,-0.216,-0.757,-0.829,-1.36
2/1/1994,0.88,0.452,0.377,-0.203,-0.157,-0.69,-0.747,-1.138
3/1/1994,0.932,0.519,0.455,-0.139,-0.091,-0.637,-0.676,-1.034
4/1/1994,0.98,0.449,0.381,-0.199,-0.162,-0.705,-0.74,-0.973
5/1/1994,1.017,0.574,0.503,-0.081,-0.035,-0.572,-0.603,-0.714
6/1/1994,0.877,0.542,0.466,-0.114,-0.071,-0.608,-0.637,-0.745
7/1/1994,0.712,0.531,0.472,-0.089,-0.052,-0.575,-0.612,-0.778
8/1/1994,0.721,0.522,0.471,-0.092,-0.049,-0.569,-0.603,-0.778
9/1/1994,0.919,0.569,0.519,-0.052,-0.008,-0.534,-0.572,-0.791
10/1/1994,0.886,0.569,0.52,-0.069,-0.024,-0.567,-0.595,-0.861
11/1/1994,0.938,0.533,0.447,-0.156,-0.114,-0.675,-0.729,-1.219
12/1/1994,1.02,0.588,0.475,-0.121,-0.084,-0.643,-0.693,-1.105
1/1/1995,1.133,0.515,0.429,-0.165,-0.118,-0.665,-0.714,-1.037
2/1/1995,0.916,0.447,0.377,-0.204,-0.155,-0.687,-0.747,-1.114
3/1/1995,0.736,0.496,0.442,-0.153,-0.104,-0.65,-0.676,-0.864
4/1/1995,0.828,0.492,0.416,-0.166,-0.122,-0.66,-0.691,-0.989
5/1/1995,0.989,0.599,0.519,-0.063,-0.018,-0.554,-0.588,-0.839
6/1/1995,0.962,0.526,0.46,-0.121,-0.079,-0.618,-0.643,-0.909
7/1/1995,0.889,0.573,0.514,-0.074,-0.033,-0.58,-0.611,-0.815
8/1/1995,0.886,0.633,0.571,-0.021,0.024,-0.522,-0.559,-0.766
9/1/1995,0.874,0.63,0.562,-0.04,0.005,-0.551,-0.583,-0.76
10/1/1995,0.971,0.626,0.553,-0.046,-0.004,-0.56,-0.601,-0.815
11/1/1995,0.974,0.646,0.565,-0.039,0.012,-0.54,-0.607,-0.888
12/1/1995,1.145,0.587,0.506,-0.091,-0.042,-0.589,-0.639,-1.025
1/1/1996,1.238,0.612,0.501,-0.074,-0.027,-0.555,-0.641,-0.978
2/1/1996,0.867,0.495,0.439,-0.142,-0.1,-0.638,-0.693,-1.052
3/1/1996,0.993,0.495,0.416,-0.153,-0.107,-0.629,-0.687,-1.324
4/1/1996,1.153,0.616,0.526,-0.056,-0.012,-0.55,-0.591,-0.809
5/1/1996,0.832,0.596,0.516,-0.08,-0.034,-0.583,-0.62,-0.808
6/1/1996,0.873,0.602,0.525,-0.067,-0.026,-0.577,-0.611,-0.871
7/1/1996,1.003,0.654,0.573,-0.034,0.007,-0.559,-0.605,-0.968
8/1/1996,0.984,0.613,0.57,-0.052,-0.003,-0.575,-0.606,-0.773
9/1/1996,0.921,0.718,0.671,0.07,0.123,-0.425,-0.463,-0.825
10/1/1996,1.129,0.677,0.618,0.032,0.081,-0.455,-0.499,-0.775
11/1/1996,0.91,0.627,0.564,-0.019,0.027,-0.51,-0.544,-0.831
12/1/1996,1.033,0.644,0.563,-0.012,0.032,-0.498,-0.55,-1.007
1/1/1997,1.536,0.597,0.497,-0.089,-0.047,-0.59,-0.665,-1.081
2/1/1997,0.978,0.527,0.479,-0.115,-0.075,-0.629,-0.681,-0.975
3/1/1997,1.037,0.552,0.489,-0.088,-0.044,-0.576,-0.631,-1.175
4/1/1997,NaN,0.677,0.618,0.021,0.068,-0.482,-0.531,NaN
5/1/1997,1.043,0.593,0.53,-0.067,-0.021,-0.571,-0.608,-0.864
6/1/1997,0.915,0.653,0.588,-0.013,0.036,-0.516,-0.544,-0.738
7/1/1997,0.82,0.599,0.541,-0.056,-0.009,-0.558,-0.588,-0.796
8/1/1997,1.107,0.614,0.567,-0.027,0.017,-0.532,-0.565,-0.796
9/1/1997,1.015,0.632,0.562,-0.028,0.016,-0.53,-0.557,-0.833
10/1/1997,1.081,0.65,0.572,-0.017,0.025,-0.521,-0.561,-0.752
11/1/1997,1.193,0.657,0.575,-0.017,0.029,-0.517,-0.571,-0.924
12/1/1997,1.094,0.608,0.523,-0.071,-0.025,-0.573,-0.637,-1.036
1/1/1998,1.172,0.642,0.567,-0.036,0.012,-0.542,-0.597,-1.03
2/1/1998,1.066,0.676,0.613,0.038,0.082,-0.449,-0.494,-0.749
3/1/1998,0.941,0.599,0.529,-0.078,-0.029,-0.587,-0.632,-1.03
4/1/1998,1.049,0.665,0.586,-0.014,0.036,-0.513,-0.552,-0.899
5/1/1998,0.994,0.677,0.606,0.02,0.071,-0.463,-0.486,-0.732
6/1/1998,0.867,0.659,0.596,0.011,0.057,-0.481,-0.508,-0.699
7/1/1998,0.812,0.636,0.578,0.007,0.046,-0.485,-0.512,-0.646
8/1/1998,0.805,0.598,0.541,-0.03,0.011,-0.518,-0.55,-0.761
9/1/1998,1,0.651,0.589,0.009,0.053,-0.482,-0.515,-0.787
10/1/1998,0.93,0.597,0.533,-0.06,-0.018,-0.568,-0.602,-1.008
11/1/1998,1.025,0.593,0.517,-0.085,-0.043,-0.603,-0.649,-0.862
12/1/1998,1.016,0.587,0.497,-0.117,-0.073,-0.643,-0.699,-1.044
1/1/1999,0.968,0.536,0.449,-0.16,-0.111,-0.67,-0.743,-1.226
2/1/1999,1.075,0.598,0.543,-0.041,0.007,-0.528,-0.577,-0.832
3/1/1999,0.998,0.537,0.485,-0.113,-0.064,-0.613,-0.665,-1.007
4/1/1999,1.056,0.6,0.529,-0.055,-0.013,-0.555,-0.581,-0.887
5/1/1999,0.928,0.595,0.517,-0.067,-0.024,-0.564,-0.587,-0.91
6/1/1999,0.954,0.576,0.506,-0.076,-0.033,-0.572,-0.598,-0.832
7/1/1999,0.956,0.623,0.562,-0.023,0.019,-0.524,-0.554,-0.79
8/1/1999,0.875,0.656,0.6,-0.002,0.041,-0.517,-0.55,-0.734
9/1/1999,1.002,0.643,0.587,-0.015,0.03,-0.527,-0.567,-0.819
10/1/1999,0.995,0.59,0.54,-0.058,-0.013,-0.565,-0.614,-0.837
11/1/1999,0.86,0.562,0.489,-0.106,-0.063,-0.614,-0.659,-0.964
12/1/1999,0.871,0.55,0.458,-0.122,-0.079,-0.616,-0.674,-1.015
1/1/2000,1.074,0.515,0.398,-0.184,-0.14,-0.677,-0.763,-1.264
2/1/2000,0.838,0.409,0.34,-0.225,-0.183,-0.705,-0.759,-0.99
3/1/2000,0.767,0.509,0.454,-0.101,-0.06,-0.573,-0.607,-0.826
4/1/2000,0.867,0.552,0.49,-0.086,-0.04,-0.569,-0.612,-0.925
5/1/2000,0.839,0.615,0.542,-0.043,0.003,-0.536,-0.57,-0.903
6/1/2000,0.956,0.614,0.532,-0.063,-0.014,-0.56,-0.593,-0.837
7/1/2000,0.959,0.669,0.594,-0.008,0.039,-0.516,-0.55,-0.77
8/1/2000,0.959,0.63,0.577,-0.03,0.019,-0.539,-0.571,-0.775
9/1/2000,1.014,0.614,0.559,-0.029,0.015,-0.529,-0.555,-0.722
10/1/2000,0.91,0.577,0.508,-0.065,-0.024,-0.555,-0.594,-0.842
11/1/2000,0.972,0.629,0.554,-0.018,0.028,-0.498,-0.534,-0.835
12/1/2000,1.275,0.505,0.382,-0.187,-0.149,-0.679,-0.757,-1.218
1/1/2001,0.969,0.536,0.458,-0.11,-0.064,-0.586,-0.631,-0.933
2/1/2001,0.88,0.458,0.376,-0.206,-0.163,-0.701,-0.749,-1.404
3/1/2001,1.169,0.556,0.495,-0.073,-0.03,-0.554,-0.601,-1.113
4/1/2001,0.875,0.529,0.465,-0.106,-0.066,-0.596,-0.624,-0.884
5/1/2001,0.805,0.573,0.507,-0.07,-0.025,-0.556,-0.581,-0.864
6/1/2001,0.87,0.597,0.524,-0.059,-0.012,-0.548,-0.571,-0.788
7/1/2001,0.9,0.623,0.547,-0.027,0.016,-0.515,-0.542,-0.739
8/1/2001,0.904,0.59,0.537,-0.03,0.011,-0.515,-0.543,-0.793
9/1/2001,0.954,0.618,0.568,0.006,0.043,-0.481,-0.51,-0.793
10/1/2001,1.028,0.596,0.525,-0.041,-0.007,-0.538,-0.57,-1.002
11/1/2001,0.83,0.553,0.478,-0.088,-0.05,-0.578,-0.61,-0.884
12/1/2001,0.841,0.581,0.5,-0.079,-0.04,-0.579,-0.619,-0.953
1/1/2002,0.931,0.528,0.424,-0.16,-0.121,-0.665,-0.726,-1.238
2/1/2002,0.936,0.55,0.477,-0.082,-0.045,-0.567,-0.611,-1.073
3/1/2002,0.862,0.446,0.388,-0.205,-0.164,-0.716,-0.758,-1.16
4/1/2002,1.042,0.506,0.436,-0.143,-0.099,-0.633,-0.664,-1.01
5/1/2002,0.851,0.539,0.449,-0.123,-0.079,-0.606,-0.646,-0.828
6/1/2002,0.816,0.563,0.487,-0.066,-0.028,-0.543,-0.566,-0.814
7/1/2002,0.757,0.58,0.504,-0.043,-0.008,-0.52,-0.547,-0.697
8/1/2002,0.77,0.58,0.512,-0.039,-0.007,-0.525,-0.549,-0.761
9/1/2002,1.016,0.63,0.548,-0.012,0.023,-0.501,-0.536,-0.842
10/1/2002,1.085,0.646,0.561,-0.007,0.027,-0.506,-0.553,-0.961
11/1/2002,1.298,0.589,0.487,-0.088,-0.051,-0.589,-0.633,-1.056
12/1/2002,0.924,0.604,0.481,-0.1,-0.063,-0.607,-0.674,-1.11
1/1/2003,0.99,0.51,0.42,-0.15,-0.109,-0.637,-0.699,-1.141
2/1/2003,0.844,0.391,0.301,-0.26,-0.223,-0.746,-0.809,-1.124
3/1/2003,0.878,0.496,0.434,-0.13,-0.089,-0.611,-0.655,-0.876
4/1/2003,0.928,0.525,0.453,-0.099,-0.065,-0.583,-0.613,-1.021
5/1/2003,0.904,0.566,0.484,-0.073,-0.033,-0.549,-0.574,-0.903
6/1/2003,0.975,0.611,0.53,-0.022,0.018,-0.493,-0.517,-0.742
7/1/2003,0.944,0.593,0.521,-0.028,0.005,-0.51,-0.531,-0.698
8/1/2003,0.774,0.611,0.552,-0.017,0.018,-0.515,-0.543,-0.72
9/1/2003,1.093,0.649,0.58,0.016,0.055,-0.469,-0.498,-0.698
10/1/2003,1.166,0.628,0.539,-0.031,0.006,-0.527,-0.57,-0.875
11/1/2003,1.065,0.57,0.49,-0.072,-0.03,-0.55,-0.584,-0.901
12/1/2003,1.001,0.578,0.458,-0.095,-0.06,-0.578,-0.654,-0.98
1/1/2004,0.902,0.443,0.362,-0.16,-0.13,-0.622,-0.671,-0.931
2/1/2004,0.92,0.435,0.36,-0.179,-0.145,-0.65,-0.701,-1.021
3/1/2004,0.914,0.459,0.386,-0.143,-0.111,-0.607,-0.655,-0.919
4/1/2004,0.856,0.48,0.404,-0.129,-0.1,-0.604,-0.636,-0.872
5/1/2004,0.868,0.537,0.451,-0.105,-0.072,-0.594,-0.622,-0.848
6/1/2004,1.006,0.605,0.516,-0.052,-0.011,-0.538,-0.57,-0.814
7/1/2004,0.889,0.615,0.531,-0.039,0.001,-0.529,-0.56,-0.749
8/1/2004,0.851,0.601,0.537,-0.039,0.002,-0.533,-0.566,-0.757
9/1/2004,0.966,0.612,0.542,-0.018,0.018,-0.506,-0.54,-0.737
10/1/2004,1.023,0.673,0.611,0.06,0.096,-0.418,-0.449,-0.697
11/1/2004,0.91,0.614,0.515,-0.033,0,-0.514,-0.565,-0.854
12/1/2004,1.144,0.591,0.481,-0.066,-0.032,-0.545,-0.595,-0.858
1/1/2005,1.001,0.602,0.491,-0.066,-0.026,-0.543,-0.604,-0.952
2/1/2005,1.069,0.557,0.477,-0.073,-0.034,-0.544,-0.594,-0.933
3/1/2005,0.956,0.577,0.507,-0.041,-0.002,-0.511,-0.562,-1.233
4/1/2005,1.068,0.634,0.558,0.007,0.051,-0.456,-0.478,-0.802
5/1/2005,1.09,0.67,0.595,0.033,0.081,-0.432,-0.463,-0.738
6/1/2005,0.954,0.65,0.57,0.012,0.056,-0.458,-0.48,-0.667
7/1/2005,0.992,0.636,0.561,0.016,0.054,-0.453,-0.483,-0.653
8/1/2005,0.963,0.604,0.547,0.009,0.046,-0.454,-0.484,-0.662
9/1/2005,0.927,0.57,0.518,-0.01,0.022,-0.474,-0.513,-0.715
10/1/2005,1.021,0.646,0.57,0.028,0.065,-0.44,-0.483,-0.99
11/1/2005,0.833,0.576,0.498,-0.041,-0.003,-0.504,-0.559,-0.801
12/1/2005,1.052,0.573,0.462,-0.099,-0.052,-0.566,-0.637,-0.953
1/1/2006,1.168,0.589,0.491,-0.073,-0.034,-0.558,-0.624,-0.959
2/1/2006,1.127,0.533,0.438,-0.1,-0.062,-0.561,-0.632,-0.971
3/1/2006,0.857,0.533,0.47,-0.1,-0.058,-0.585,-0.621,-0.901
4/1/2006,0.875,0.566,0.475,-0.076,-0.037,-0.548,-0.572,-0.836
5/1/2006,0.884,0.643,0.552,0.007,0.053,-0.447,-0.47,-0.635
6/1/2006,0.744,0.604,0.527,-0.007,0.034,-0.459,-0.483,-0.607
7/1/2006,0.826,0.6,0.518,-0.008,0.026,-0.465,-0.503,-0.698
8/1/2006,0.907,0.624,0.551,0.017,0.049,-0.453,-0.481,-0.725
9/1/2006,0.987,0.643,0.569,0.04,0.078,-0.413,-0.453,-0.763
10/1/2006,1.311,0.705,0.588,0.028,0.072,-0.445,-0.504,-0.798
11/1/2006,0.876,0.625,0.551,-0.006,0.042,-0.466,-0.503,-0.852
12/1/2006,0.889,0.526,0.44,-0.123,-0.083,-0.606,-0.663,-0.916
1/1/2007,0.769,0.519,0.419,-0.128,-0.089,-0.597,-0.652,-1.118
2/1/2007,0.869,0.426,0.334,-0.211,-0.173,-0.68,-0.747,-1.18
3/1/2007,1.076,0.397,0.327,-0.211,-0.174,-0.675,-0.731,-1.176
4/1/2007,1.439,0.599,0.5,-0.045,-0.003,-0.505,-0.555,-0.835
5/1/2007,0.897,0.508,0.421,-0.114,-0.076,-0.573,-0.597,-0.817
6/1/2007,0.989,0.627,0.545,0.006,0.047,-0.45,-0.481,-0.616
7/1/2007,0.816,0.605,0.534,-0.012,0.025,-0.483,-0.514,-0.614
8/1/2007,0.881,0.619,0.554,-0.008,0.033,-0.488,-0.527,-0.726
9/1/2007,1.085,0.591,0.52,-0.046,-0.006,-0.532,-0.572,-0.759
10/1/2007,1.04,0.635,0.558,0.004,0.042,-0.474,-0.51,-0.808
11/1/2007,0.886,0.563,0.484,-0.068,-0.028,-0.539,-0.587,-0.981
12/1/2007,1.082,0.529,0.415,-0.122,-0.09,-0.594,-0.666,-0.982
1/1/2008,0.812,0.509,0.413,-0.121,-0.087,-0.586,-0.639,-1.025
2/1/2008,0.827,0.486,0.397,-0.14,-0.105,-0.606,-0.657,-1.119
3/1/2008,0.981,0.489,0.405,-0.117,-0.082,-0.568,-0.626,-1.228
4/1/2008,0.905,0.531,0.451,-0.088,-0.051,-0.552,-0.584,-0.898
5/1/2008,0.97,0.682,0.583,0.027,0.071,-0.441,-0.473,-0.752
6/1/2008,0.946,0.64,0.546,-0.012,0.029,-0.487,-0.517,-0.745
7/1/2008,0.936,0.623,0.545,-0.022,0.022,-0.501,-0.535,-0.72
8/1/2008,0.902,0.627,0.557,-0.008,0.035,-0.487,-0.525,-0.719
9/1/2008,0.882,0.618,0.55,-0.008,0.031,-0.488,-0.526,-0.713
10/1/2008,0.997,0.657,0.573,0.016,0.055,-0.462,-0.505,-0.817
11/1/2008,1.044,0.62,0.54,-0.012,0.028,-0.484,-0.525,-0.831
12/1/2008,1.364,0.501,0.404,-0.144,-0.104,-0.612,-0.693,-1.168
1/1/2009,0.995,0.514,0.411,-0.141,-0.101,-0.612,-0.672,-1.061
2/1/2009,0.901,0.534,0.461,-0.097,-0.056,-0.573,-0.622,-0.944
3/1/2009,0.89,0.521,0.462,-0.1,-0.056,-0.574,-0.62,-0.978
4/1/2009,0.853,0.571,0.489,-0.068,-0.025,-0.539,-0.581,-0.841
5/1/2009,0.847,0.561,0.49,-0.073,-0.033,-0.555,-0.587,-0.804
6/1/2009,1.088,0.707,0.63,0.065,0.106,-0.417,-0.443,-0.586
7/1/2009,0.996,0.671,0.606,0.056,0.099,-0.407,-0.442,-0.748
8/1/2009,0.993,0.61,0.551,0.004,0.045,-0.46,-0.489,-0.738
9/1/2009,0.911,0.627,0.577,0.027,0.068,-0.44,-0.468,-0.738
10/1/2009,1.155,0.71,0.631,0.073,0.117,-0.397,-0.446,-0.799
11/1/2009,1.066,0.666,0.592,0.037,0.081,-0.429,-0.472,-0.695
12/1/2009,1.269,0.627,0.529,-0.042,0.005,-0.519,-0.583,-1.065
1/1/2010,1.122,0.647,0.558,-0.029,0.02,-0.517,-0.576,-1.299
2/1/2010,1.05,0.649,0.581,0.036,0.076,-0.428,-0.483,-0.906
3/1/2010,1.228,0.733,0.661,0.081,0.135,-0.39,-0.44,-0.735
4/1/2010,1.128,0.659,0.586,0.024,0.071,-0.444,-0.47,-0.739
5/1/2010,0.883,0.629,0.546,-0.012,0.03,-0.486,-0.516,-0.701
6/1/2010,0.886,0.678,0.602,0.053,0.092,-0.418,-0.448,-0.633
7/1/2010,0.925,0.647,0.578,0.024,0.064,-0.45,-0.488,-0.647
8/1/2010,1.034,0.679,0.614,0.056,0.097,-0.42,-0.457,-0.682
9/1/2010,1.085,0.695,0.629,0.066,0.109,-0.411,-0.46,-0.671
10/1/2010,1.163,0.701,0.623,0.051,0.097,-0.429,-0.467,-0.852
11/1/2010,1.208,0.704,0.613,0.039,0.086,-0.441,-0.484,-0.813
12/1/2010,1.112,0.723,0.615,0.038,0.087,-0.441,-0.495,-0.785
1/1/2011,1.118,0.607,0.517,-0.057,-0.011,-0.539,-0.585,-0.835
2/1/2011,0.942,0.566,0.489,-0.078,-0.038,-0.564,-0.634,-0.954
3/1/2011,1.01,0.568,0.494,-0.071,-0.025,-0.544,-0.587,-0.916
4/1/2011,1.154,0.605,0.532,-0.034,0.014,-0.503,-0.549,-0.837
5/1/2011,1.084,0.691,0.611,0.046,0.092,-0.426,-0.455,-0.644
6/1/2011,1.012,0.72,0.648,0.081,0.129,-0.389,-0.415,-0.567
7/1/2011,0.986,0.712,0.643,0.071,0.115,-0.413,-0.444,-0.615
8/1/2011,1.345,0.749,0.682,0.088,0.137,-0.408,-0.453,-0.925
9/1/2011,1.143,0.715,0.653,0.057,0.11,-0.433,-0.479,-0.664
10/1/2011,1.159,0.74,0.673,0.075,0.125,-0.423,-0.472,-0.818
11/1/2011,1.143,0.639,0.551,-0.026,0.022,-0.506,-0.55,-0.782
12/1/2011,1.05,0.584,0.51,-0.06,-0.013,-0.536,-0.584,-0.919
1/1/2012,1.18,0.55,0.457,-0.098,-0.063,-0.583,-0.639,-0.956
2/1/2012,0.863,0.528,0.472,-0.104,-0.063,-0.597,-0.633,-1.069
3/1/2012,0.738,0.543,0.48,-0.078,-0.039,-0.558,-0.614,-1.067
4/1/2012,1.07,0.656,0.586,0.002,0.05,-0.485,-0.513,-0.721
5/1/2012,0.987,0.636,0.56,-0.03,0.019,-0.521,-0.545,-0.785
6/1/2012,1.278,0.749,0.671,0.079,0.128,-0.414,-0.445,-0.573
7/1/2012,1.008,0.716,0.641,0.041,0.092,-0.456,-0.489,-0.638
8/1/2012,0.952,0.683,0.633,0.042,0.085,-0.462,-0.493,-0.665
9/1/2012,0.955,0.64,0.592,0.008,0.05,-0.492,-0.524,-0.739
10/1/2012,1.836,0.74,0.659,0.075,0.118,-0.422,-0.468,-0.825
11/1/2012,1.081,0.679,0.602,0.029,0.072,-0.457,-0.492,-0.855
12/1/2012,1.292,0.684,0.598,0.024,0.063,-0.472,-0.524,-0.911
1/1/2013,1.037,0.529,0.46,-0.119,-0.081,-0.622,-0.677,-1.032
2/1/2013,1.006,0.544,0.472,-0.1,-0.053,-0.578,-0.647,-1.005
3/1/2013,1.214,0.688,0.621,0.039,0.09,-0.441,-0.481,-0.727
4/1/2013,0.957,0.581,0.506,-0.08,-0.03,-0.566,-0.601,-0.839
5/1/2013,0.899,0.581,0.523,-0.064,-0.015,-0.553,-0.58,-0.85
6/1/2013,0.986,0.678,0.611,0.024,0.075,-0.461,-0.498,-0.754
7/1/2013,1.079,0.675,0.62,0.047,0.095,-0.43,-0.456,-0.622
8/1/2013,0.92,0.663,0.618,0.048,0.093,-0.433,-0.459,-0.69
9/1/2013,0.929,0.667,0.618,0.042,0.087,-0.444,-0.474,-0.746
10/1/2013,1.006,0.68,0.633,0.052,0.094,-0.444,-0.477,-0.618
11/1/2013,0.98,0.593,0.513,-0.078,-0.033,-0.579,-0.635,-0.834
12/1/2013,1.068,0.596,0.504,-0.092,-0.051,-0.605,-0.646,-0.846
1/1/2014,1.199,0.586,0.501,-0.11,-0.066,-0.632,-0.688,-1.036
2/1/2014,0.857,0.512,0.434,-0.155,-0.105,-0.644,-0.71,-1.007
3/1/2014,0.875,0.548,0.497,-0.11,-0.06,-0.616,-0.653,-0.963
4/1/2014,0.99,0.62,0.54,-0.042,0.002,-0.535,-0.571,-0.898
5/1/2014,0.843,0.648,0.575,-0.006,0.04,-0.495,-0.522,-0.737
6/1/2014,0.978,0.662,0.59,0.014,0.06,-0.469,-0.489,-0.676
7/1/2014,0.948,0.652,0.587,0.014,0.056,-0.475,-0.5,-0.722
8/1/2014,1.143,0.693,0.625,0.038,0.084,-0.457,-0.489,-0.728
9/1/2014,1.051,0.675,0.616,0.023,0.068,-0.479,-0.515,-0.741
10/1/2014,1.092,0.75,0.683,0.087,0.132,-0.418,-0.449,-0.766
11/1/2014,1.171,0.655,0.573,-0.026,0.022,-0.529,-0.587,-0.899
12/1/2014,0.926,0.643,0.576,-0.016,0.034,-0.507,-0.56,-0.884
1/1/2015,0.942,0.522,0.436,-0.15,-0.106,-0.648,-0.707,-1.015
2/1/2015,1.052,0.523,0.44,-0.147,-0.098,-0.636,-0.691,-1.252
3/1/2015,0.936,0.45,0.376,-0.191,-0.146,-0.668,-0.724,-1.094
4/1/2015,1.024,0.523,0.459,-0.109,-0.066,-0.59,-0.619,-0.898
5/1/2015,0.815,0.47,0.404,-0.16,-0.119,-0.641,-0.667,-0.85
6/1/2015,0.825,0.641,0.569,-0.022,0.025,-0.518,-0.549,-0.673
7/1/2015,0.877,0.704,0.642,0.05,0.097,-0.448,-0.475,-0.649
8/1/2015,0.917,0.689,0.647,0.036,0.085,-0.476,-0.505,-0.738
9/1/2015,1.199,0.697,0.651,0.038,0.087,-0.477,-0.516,-0.875
10/1/2015,1.096,0.706,0.643,0.04,0.087,-0.468,-0.508,-0.842
11/1/2015,1.029,0.621,0.557,-0.037,0.008,-0.541,-0.583,-0.919
12/1/2015,0.924,0.633,0.558,-0.025,0.016,-0.526,-0.574,-0.861
1/1/2016,1.118,0.611,0.544,-0.022,0.02,-0.503,-0.573,-1.149
2/1/2016,1.334,0.566,0.505,-0.074,-0.035,-0.575,-0.621,-0.983
3/1/2016,0.914,0.582,0.52,-0.055,-0.009,-0.538,-0.585,-0.869
4/1/2016,1.172,0.652,0.581,-0.012,0.036,-0.509,-0.54,-0.934
5/1/2016,1.106,0.635,0.581,-0.015,0.034,-0.513,-0.54,-0.688
6/1/2016,1.149,0.706,0.633,0.029,0.079,-0.474,-0.503,-0.671
7/1/2016,0.855,0.705,0.639,0.035,0.082,-0.474,-0.501,-0.718
8/1/2016,0.914,0.658,0.612,0.013,0.058,-0.495,-0.523,-0.656
9/1/2016,0.944,0.699,0.647,0.055,0.1,-0.446,-0.471,-0.743
10/1/2016,1.133,0.705,0.641,0.047,0.091,-0.458,-0.501,-0.703
11/1/2016,1.073,0.654,0.588,-0.002,0.044,-0.499,-0.537,-0.933
12/1/2016,1.069,0.619,0.526,-0.069,-0.027,-0.58,-0.656,-1.273
1/1/2017,1.012,0.628,0.54,-0.056,-0.009,-0.557,-0.609,-0.978
2/1/2017,0.952,0.593,0.53,-0.058,-0.013,-0.556,-0.61,-0.949
3/1/2017,0.927,0.493,0.445,-0.156,-0.105,-0.655,-0.725,-1.041
4/1/2017,1.053,0.664,0.601,0.005,0.055,-0.492,-0.524,-0.812
5/1/2017,1.183,0.732,0.665,0.067,0.115,-0.435,-0.461,-0.617
6/1/2017,1.11,0.708,0.648,0.058,0.106,-0.435,-0.466,-0.688
7/1/2017,1.064,0.712,0.655,0.071,0.115,-0.425,-0.451,-0.64
8/1/2017,0.93,0.686,0.631,0.06,0.102,-0.427,-0.459,-0.657
9/1/2017,0.977,0.713,0.667,0.093,0.138,-0.392,-0.429,-0.636
10/1/2017,1.104,0.7,0.632,0.061,0.098,-0.436,-0.475,-0.691
11/1/2017,1.199,0.723,0.634,0.046,0.092,-0.449,-0.502,-0.825
12/1/2017,1.114,0.603,0.513,-0.084,-0.041,-0.595,-0.669,-1.101
1/1/2018,1.248,0.567,0.465,-0.143,-0.095,-0.654,-0.707,-1.274
2/1/2018,0.883,0.475,0.417,-0.144,-0.106,-0.628,-0.681,-1.022
3/1/2018,1.217,0.733,0.674,0.076,0.131,-0.411,-0.466,-0.754
4/1/2018,1.052,0.624,0.564,-0.024,0.026,-0.512,-0.549,-0.766
5/1/2018,0.921,0.634,0.553,-0.033,0.017,-0.518,-0.549,-0.751
6/1/2018,1.002,0.699,0.624,0.043,0.091,-0.442,-0.467,-0.786
7/1/2018,0.969,0.634,0.565,-0.013,0.031,-0.503,-0.526,-0.761
8/1/2018,1.055,0.711,0.651,0.072,0.116,-0.418,-0.443,-0.633
9/1/2018,1.134,0.754,0.691,0.106,0.154,-0.382,-0.415,-0.597
10/1/2018,1.169,0.737,0.656,0.077,0.122,-0.413,-0.461,-0.695
11/1/2018,1.155,0.702,0.603,0.026,0.072,-0.458,-0.547,-0.86
12/1/2018,1.156,0.675,0.588,0.011,0.054,-0.479,-0.524,-0.936
1/1/2019,1.167,0.658,0.556,-0.01,0.029,-0.497,-0.566,-1.272
2/1/2019,0.958,0.567,0.482,-0.106,-0.06,-0.601,-0.664,-1.045
3/1/2019,1.133,0.571,0.51,-0.046,-0.004,-0.518,-0.559,-0.93
4/1/2019,1.102,0.613,0.543,-0.015,0.024,-0.495,-0.538,-0.962
5/1/2019,1.019,0.715,0.635,0.072,0.112,-0.411,-0.435,-0.603
6/1/2019,0.958,0.739,0.66,0.095,0.136,-0.388,-0.42,-0.584
7/1/2019,1.017,0.761,0.688,0.106,0.152,-0.384,-0.413,-0.576
8/1/2019,0.997,0.765,0.698,0.106,0.148,-0.401,-0.433,-0.736
9/1/2019,1.07,0.729,0.678,0.086,0.131,-0.416,-0.453,-0.703
10/1/2019,1.108,0.803,0.733,0.14,0.193,-0.347,-0.383,-0.686
11/1/2019,1.077,0.697,0.635,0.059,0.104,-0.427,-0.472,-0.775
12/1/2019,0.976,0.628,0.548,0.001,0.041,-0.466,-0.528,-0.947
1/1/2020,0.899,0.632,0.544,-0.011,0.025,-0.493,-0.534,-0.948
2/1/2020,0.934,0.58,0.518,-0.05,-0.009,-0.536,-0.599,-1.043
3/1/2020,0.947,0.622,0.557,-0.001,0.041,-0.474,-0.517,-0.791
4/1/2020,1.136,0.691,0.634,0.068,0.115,-0.403,-0.454,-0.733
5/1/2020,1.174,0.612,0.54,-0.034,0.011,-0.517,-0.547,-0.858
6/1/2020,1.048,0.717,0.639,0.055,0.104,-0.431,-0.457,-0.656
7/1/2020,0.999,0.741,0.666,0.09,0.135,-0.396,-0.423,-0.551
8/1/2020,0.933,0.707,0.643,0.071,0.115,-0.412,-0.448,-0.622
9/1/2020,1.063,0.69,0.635,0.066,0.104,-0.427,-0.456,-0.748
10/1/2020,1.063,0.682,0.604,0.041,0.08,-0.444,-0.488,-0.825
11/1/2020,1.087,0.606,0.529,-0.025,0.009,-0.512,-0.551,-0.787
12/1/2020,1.14,0.655,0.558,-0.001,0.04,-0.477,-0.536,-0.874
1/1/2021,1.121,0.701,0.605,0.033,0.081,-0.442,-0.499,-0.739
2/1/2021,1.196,0.612,0.543,-0.007,0.035,-0.473,-0.523,-0.802
3/1/2021,1.054,0.515,0.43,-0.134,-0.099,-0.627,-0.672,-1.24
4/1/2021,1.1,0.645,0.572,0.006,0.049,-0.473,-0.51,-0.79
5/1/2021,0.956,0.605,0.529,-0.039,0.005,-0.52,-0.548,-0.875
6/1/2021,0.951,0.648,0.565,0.005,0.048,-0.469,-0.494,-0.736
7/1/2021,1.001,0.681,0.618,0.065,0.107,-0.403,-0.433,-0.586
8/1/2021,1.122,0.68,0.615,0.074,0.112,-0.39,-0.42,-0.55
9/1/2021,0.951,0.691,0.631,0.093,0.13,-0.372,-0.401,-0.557
10/1/2021,1.085,0.778,0.71,0.165,0.201,-0.307,-0.345,-0.661
11/1/2021,1.027,0.697,0.607,0.045,0.092,-0.423,-0.471,-0.719
12/1/2021,1.049,0.628,0.547,-0.028,0.013,-0.52,-0.573,-0.98
1/1/2022,1.273,0.66,0.547,-0.024,0.014,-0.518,-0.576,-0.987
2/1/2022,0.796,0.487,0.397,-0.149,-0.113,-0.623,-0.685,-1.002
3/1/2022,0.885,0.553,0.483,-0.074,-0.036,-0.554,-0.608,-0.825
4/1/2022,0.88,0.605,0.522,-0.026,0.009,-0.503,-0.535,-0.807
5/1/2022,1.14,0.685,0.591,0.038,0.079,-0.433,-0.453,-0.664
6/1/2022,1.039,0.703,0.611,0.069,0.109,-0.393,-0.421,-0.615
7/1/2022,1.037,0.673,0.596,0.05,0.087,-0.421,-0.441,-0.651
8/1/2022,1.023,0.694,0.622,0.065,0.104,-0.414,-0.445,-0.641
9/1/2022,1.056,0.74,0.659,0.1,0.141,-0.377,-0.41,-0.715
10/1/2022,0.954,0.723,0.642,0.088,0.126,-0.391,-0.423,-0.677
11/1/2022,1.122,0.675,0.589,0.019,0.066,-0.457,-0.523,-0.824
12/1/2022,1.587,0.694,0.6,0.041,0.084,-0.432,-0.492,-0.904
1/1/2023,1.098,0.684,0.584,0.042,0.081,-0.421,-0.478,-0.887
2/1/2023,0.981,0.623,0.537,-0.013,0.021,-0.495,-0.563,-1.076
3/1/2023,1.085,0.72,0.63,0.1,0.139,-0.352,-0.398,-0.837
4/1/2023,0.961,0.661,0.584,0.052,0.088,-0.408,-0.438,-0.731
5/1/2023,0.89,0.667,0.577,0.051,0.087,-0.403,-0.444,-0.672
6/1/2023,1.045,0.765,0.672,0.129,0.172,-0.328,-0.347,-0.496
7/1/2023,1.017,0.772,0.681,0.127,0.171,-0.339,-0.372,-0.526
8/1/2023,1.071,0.755,0.681,0.111,0.155,-0.371,-0.412,-0.605
9/1/2023,1.082,0.734,0.682,0.119,0.165,-0.352,-0.391,-0.625
10/1/2023,1.161,0.814,0.741,0.18,0.223,-0.294,-0.335,-0.607
11/1/2023,1.006,0.736,0.654,0.118,0.154,-0.346,-0.4,-0.681
12/1/2023,1.42,0.711,0.614,0.075,0.112,-0.389,-0.433,-0.837
1/1/2024,1.525,0.735,0.632,0.104,0.143,-0.345,-0.423,-0.767
2/1/2024,1.159,0.727,0.654,0.109,0.145,-0.363,-0.398,-0.922
3/1/2024,1.337,0.694,0.6,0.058,0.099,-0.401,-0.461,-0.888
