Date,Highest,MHW (m),MSL (m),MTL (m),MLW (m),MLLW (m),Lowest (m)
1/1/1950,1.766,1.028,-0.255,-0.261,-1.55,NaN,-2.318
2/1/1950,1.614,1.089,-0.206,-0.215,-1.523,NaN,-2.074
3/1/1950,1.827,1.032,-0.276,-0.3,-1.632,NaN,-2.349
4/1/1950,1.766,1.166,-0.175,-0.197,-1.562,NaN,-2.257
5/1/1950,1.858,1.147,-0.218,-0.233,-1.611,NaN,-2.318
6/1/1950,1.888,1.175,-0.13,-0.172,-1.52,NaN,-2.196
7/1/1950,1.766,1.178,-0.175,-0.185,-1.544,NaN,-2.044
8/1/1950,1.583,1.19,-0.16,-0.166,-1.52,NaN,-1.892
9/1/1950,1.858,1.227,-0.133,-0.136,-1.498,NaN,-1.952
10/1/1950,1.949,1.184,-0.145,-0.148,-1.483,NaN,-2.166
11/1/1950,1.949,1.245,-0.078,-0.084,-1.413,NaN,-2.196
12/1/1950,2.162,1.23,-0.108,-0.111,-1.453,NaN,-2.013
1/1/1951,2.01,1.141,-0.197,-0.2,-1.541,NaN,-2.135
2/1/1951,1.979,1.153,-0.209,-0.209,-1.575,NaN,-2.196
3/1/1951,1.736,1.315,-0.051,-0.063,-1.44,NaN,-2.074
4/1/1951,1.705,1.26,-0.105,-0.118,-1.495,NaN,-2.288
5/1/1951,2.04,1.266,-0.096,-0.099,-1.468,NaN,-2.044
6/1/1951,2.01,1.257,-0.099,-0.099,-1.459,NaN,-2.135
7/1/1951,2.01,1.208,-0.124,-0.13,-1.465,NaN,-2.074
8/1/1951,1.979,1.202,-0.108,-0.118,-1.44,NaN,-1.983
9/1/1951,1.705,1.187,-0.133,-0.133,-1.453,NaN,-1.892
10/1/1951,1.827,1.236,-0.108,-0.111,-1.462,NaN,-1.983
11/1/1951,2.071,1.211,-0.127,-0.13,-1.468,NaN,-2.074
12/1/1951,1.979,1.202,-0.166,-0.166,-1.535,NaN,-2.135
1/1/1952,2.04,1.245,-0.133,-0.139,-1.523,NaN,-2.318
2/1/1952,2.04,1.224,-0.13,-0.136,-1.492,NaN,-2.105
3/1/1952,1.766,1.248,-0.124,-0.13,-1.504,NaN,-2.044
4/1/1952,1.614,1.205,-0.145,-0.151,-1.511,NaN,-2.105
5/1/1952,1.858,1.284,-0.044,-0.051,-1.383,NaN,-1.831
6/1/1952,1.949,1.266,-0.081,-0.081,-1.431,NaN,-1.952
7/1/1952,1.827,1.202,-0.148,-0.151,-1.504,NaN,-2.135
8/1/1952,1.858,1.196,-0.139,-0.145,-1.486,NaN,-2.105
9/1/1952,1.827,1.205,-0.145,-0.154,-1.517,NaN,-2.105
10/1/1952,1.797,1.184,-0.175,-0.179,-1.541,NaN,-2.257
11/1/1952,1.736,1.193,-0.154,-0.157,-1.507,NaN,-1.983
12/1/1952,1.736,1.257,-0.084,-0.087,-1.434,NaN,-2.105
1/1/1953,1.949,1.257,-0.087,-0.09,-1.434,NaN,-2.288
2/1/1953,2.071,1.141,-0.203,-0.2,-1.541,NaN,-2.257
3/1/1953,1.979,1.251,-0.102,-0.102,-1.453,NaN,-2.135
4/1/1953,2.162,1.263,-0.096,-0.102,-1.471,NaN,-2.135
5/1/1953,1.858,1.281,-0.075,-0.081,-1.443,NaN,-1.952
6/1/1953,1.705,1.227,-0.139,-0.142,-1.511,NaN,-1.952
7/1/1953,1.736,1.22,-0.154,-0.16,-1.541,NaN,-2.044
8/1/1953,1.797,1.239,-0.124,-0.133,-1.507,NaN,-2.074
9/1/1953,1.797,1.242,-0.139,-0.148,-1.538,NaN,-2.288
10/1/1953,2.162,1.214,-0.139,-0.142,-1.498,NaN,-2.105
11/1/1953,1.827,1.214,-0.136,-0.139,-1.495,NaN,-2.105
12/1/1953,1.797,1.144,-0.185,-0.188,-1.517,NaN,-2.013
1/1/1954,1.858,1.166,-0.151,-0.154,-1.474,NaN,-2.074
2/1/1954,1.918,1.236,-0.115,-0.121,-1.477,NaN,-1.952
3/1/1954,1.705,1.217,-0.127,-0.127,-1.474,NaN,-2.135
4/1/1954,1.705,1.193,-0.185,-0.188,-1.565,NaN,-2.41
5/1/1954,2.101,1.379,-0.023,-0.023,-1.428,NaN,-2.044
6/1/1954,1.979,1.306,-0.069,-0.078,-1.465,NaN,-2.105
7/1/1954,1.705,1.272,-0.096,-0.099,-1.471,NaN,-1.983
8/1/1954,2.193,1.245,-0.13,-0.127,-1.495,NaN,-1.922
9/1/1954,1.797,1.275,-0.099,-0.115,-1.504,NaN,-2.135
10/1/1954,1.979,1.26,-0.096,-0.108,-1.477,NaN,-2.196
11/1/1954,1.766,1.23,-0.133,-0.133,-1.498,NaN,-2.41
12/1/1954,1.949,1.22,-0.151,-0.16,-1.541,NaN,-2.227
1/1/1955,1.949,1.278,-0.102,-0.108,-1.495,NaN,-2.135
2/1/1955,1.705,1.208,-0.182,-0.191,-1.587,NaN,-2.074
3/1/1955,2.071,1.205,-0.172,-0.179,-1.562,NaN,-2.135
4/1/1955,2.071,1.312,-0.09,-0.099,-1.514,NaN,-2.074
5/1/1955,1.918,1.288,-0.093,-0.105,-1.495,NaN,-2.257
6/1/1955,2.04,1.309,-0.075,-0.075,-1.462,NaN,-2.105
7/1/1955,1.918,1.242,-0.108,-0.111,-1.462,NaN,-2.074
8/1/1955,1.797,1.26,-0.105,-0.105,-1.474,NaN,-2.013
9/1/1955,1.553,1.22,-0.151,-0.154,-1.529,NaN,-1.892
10/1/1955,1.949,1.312,-0.072,-0.072,-1.456,NaN,-1.983
11/1/1955,2.101,1.284,-0.111,-0.111,-1.504,NaN,-2.654
12/1/1955,2.01,1.199,-0.212,-0.215,-1.632,NaN,-2.227
1/1/1956,1.827,1.312,-0.108,-0.111,-1.538,NaN,-2.288
2/1/1956,1.858,1.184,-0.206,-0.209,-1.599,NaN,-2.44
3/1/1956,2.132,1.211,-0.139,-0.172,-1.559,NaN,-2.013
4/1/1956,1.797,1.272,-0.026,-0.099,-1.471,NaN,-1.983
5/1/1956,NaN,1.196,-0.148,-0.154,-1.504,NaN,NaN
6/1/1956,NaN,1.266,-0.111,-0.118,-1.501,NaN,NaN
7/1/1956,2.04,1.303,-0.093,-0.099,-1.501,NaN,-2.044
8/1/1956,NaN,1.324,-0.081,-0.084,-1.492,NaN,NaN
9/1/1956,NaN,1.263,-0.124,-0.13,-1.523,NaN,NaN
10/1/1956,1.827,1.22,-0.172,-0.179,-1.575,NaN,-2.013
11/1/1956,1.705,1.245,-0.136,-0.139,-1.523,NaN,-2.044
12/1/1956,1.736,1.199,-0.166,-0.172,-1.544,NaN,-2.44
1/1/1957,1.888,1.117,-0.252,-0.255,-1.626,NaN,-2.471
2/1/1957,1.979,1.16,-0.218,-0.221,-1.602,NaN,-2.227
3/1/1957,1.797,1.251,-0.124,-0.133,-1.517,NaN,-2.196
4/1/1957,1.736,1.175,-0.206,-0.206,-1.59,NaN,-2.227
5/1/1957,1.705,1.233,-0.145,-0.145,-1.526,NaN,-2.044
6/1/1957,1.888,1.23,-0.127,-0.145,-1.517,NaN,-1.952
7/1/1957,NaN,1.312,-0.099,-0.105,-1.523,NaN,NaN
8/1/1957,1.827,1.26,-0.151,-0.157,-1.578,NaN,-2.227
9/1/1957,1.918,1.248,-0.145,-0.151,-1.553,NaN,-2.135
10/1/1957,1.918,1.227,-0.133,-0.139,-1.504,NaN,-2.196
11/1/1957,1.888,1.224,-0.124,-0.139,-1.498,NaN,-2.105
12/1/1957,1.827,1.178,-0.182,-0.188,-1.553,NaN,-2.044
1/1/1958,1.918,1.272,-0.108,-0.118,-1.504,NaN,-2.074
2/1/1958,1.949,1.327,-0.099,-0.108,-1.544,NaN,-2.196
3/1/1958,1.979,1.394,-0.008,-0.014,-1.422,NaN,-2.105
4/1/1958,2.376,1.419,-0.029,-0.035,-1.489,NaN,-2.196
5/1/1958,1.888,1.333,-0.102,-0.127,-1.587,NaN,-2.379
6/1/1958,1.918,1.33,-0.124,-0.124,-1.575,NaN,-2.135
7/1/1958,1.766,1.318,-0.096,-0.111,-1.538,NaN,-2.013
8/1/1958,1.827,1.303,-0.102,-0.108,-1.52,NaN,-1.952
9/1/1958,1.888,1.333,-0.09,-0.09,-1.514,NaN,-2.135
10/1/1958,1.858,1.291,-0.093,-0.099,-1.486,NaN,-2.257
11/1/1958,2.04,1.251,-0.127,-0.13,-1.507,NaN,-2.257
12/1/1958,1.979,1.193,-0.191,-0.209,-1.608,NaN,-2.318
1/1/1959,1.827,1.245,-0.163,-0.172,-1.59,NaN,-2.074
2/1/1959,1.766,1.147,-0.249,-0.255,-1.66,NaN,-2.105
3/1/1959,1.979,1.22,-0.185,-0.209,-1.642,NaN,-2.257
4/1/1959,1.949,1.272,-0.087,-0.145,-1.562,NaN,-2.227
5/1/1959,NaN,1.224,-0.185,-0.188,-1.599,NaN,NaN
6/1/1959,2.04,1.297,-0.108,-0.115,-1.526,NaN,-2.074
7/1/1959,1.827,1.181,-0.194,-0.203,-1.584,NaN,-2.074
8/1/1959,1.736,1.26,-0.121,-0.124,-1.507,NaN,-1.983
9/1/1959,1.583,1.22,-0.154,-0.16,-1.541,NaN,-1.892
10/1/1959,1.766,1.303,-0.111,-0.115,-1.532,NaN,-2.044
11/1/1959,2.071,1.251,-0.157,-0.166,-1.587,NaN,-2.227
12/1/1959,2.376,1.288,-0.145,-0.154,-1.593,NaN,-2.288
1/1/1960,1.858,1.266,-0.142,-0.151,-1.568,NaN,-2.227
2/1/1960,2.071,1.352,-0.035,-0.041,-1.434,NaN,-2.227
3/1/1960,1.766,1.303,-0.115,-0.111,-1.526,NaN,-2.044
4/1/1960,1.858,1.312,-0.081,-0.09,-1.492,NaN,-2.105
5/1/1960,1.949,1.315,-0.041,-0.047,-1.41,NaN,-2.044
6/1/1960,2.071,1.315,-0.087,-0.081,-1.48,NaN,-2.166
7/1/1960,1.888,1.278,-0.127,-0.124,-1.523,NaN,-2.257
8/1/1960,1.888,1.284,-0.099,-0.115,-1.514,NaN,-2.135
9/1/1960,1.766,1.278,-0.145,-0.151,-1.581,NaN,-2.013
10/1/1960,1.949,1.294,-0.111,-0.124,-1.541,NaN,-2.013
11/1/1960,1.827,1.254,-0.151,-0.154,-1.565,NaN,-2.105
12/1/1960,2.193,1.205,-0.203,-0.209,-1.623,NaN,-2.288
1/1/1961,2.284,1.242,-0.172,-0.163,-1.571,NaN,-2.471
2/1/1961,2.101,1.3,-0.127,-0.134,-1.566,NaN,-2.135
3/1/1961,2.01,1.336,-0.067,-0.072,-1.48,NaN,-2.044
4/1/1961,2.193,1.385,0.007,0.001,-1.383,NaN,-1.739
5/1/1961,NaN,1.306,-0.096,-0.102,-1.511,NaN,NaN
6/1/1961,NaN,1.269,-0.157,-0.163,-1.596,NaN,NaN
7/1/1961,1.979,1.321,-0.136,-0.136,-1.593,NaN,-2.166
8/1/1961,1.858,1.251,-0.163,-0.175,-1.602,NaN,-2.227
9/1/1961,1.918,1.266,-0.136,-0.145,-1.559,NaN,-2.074
10/1/1961,2.04,1.291,-0.087,-0.096,-1.48,NaN,-1.983
11/1/1961,1.888,1.3,-0.078,-0.084,-1.465,NaN,-1.861
12/1/1961,1.858,1.236,-0.121,-0.121,-1.477,NaN,-2.013
1/1/1962,2.04,1.092,-0.243,-0.267,-1.629,NaN,-2.227
2/1/1962,1.949,1.208,-0.194,-0.194,-1.596,NaN,-2.257
3/1/1962,2.101,1.306,-0.099,-0.111,-1.529,NaN,-2.166
4/1/1962,1.705,1.251,-0.169,-0.175,-1.599,NaN,-2.257
5/1/1962,1.888,1.294,-0.139,-0.145,-1.584,NaN,-2.074
6/1/1962,1.766,1.263,-0.145,-0.142,-1.547,NaN,-2.074
7/1/1962,1.644,1.278,-0.078,-0.096,-1.471,NaN,-1.892
8/1/1962,1.858,1.242,-0.151,-0.145,-1.532,NaN,-2.074
9/1/1962,1.827,1.236,-0.16,-0.157,-1.55,NaN,-2.166
10/1/1962,1.888,1.3,-0.084,-0.09,-1.483,NaN,-2.257
11/1/1962,2.04,1.294,-0.115,-0.118,-1.529,NaN,-2.074
12/1/1962,2.01,1.3,-0.124,-0.115,-1.526,NaN,-2.196
1/1/1963,2.101,1.199,-0.2,-0.221,-1.642,NaN,-2.349
2/1/1963,1.705,1.126,-0.276,-0.288,-1.699,NaN,-2.318
3/1/1963,1.827,1.248,-0.172,-0.172,-1.596,NaN,-2.196
4/1/1963,2.071,1.275,-0.145,-0.142,-1.556,NaN,-2.227
5/1/1963,1.766,1.208,-0.185,-0.203,-1.611,NaN,-2.349
6/1/1963,1.888,1.245,-0.145,-0.16,-1.562,NaN,-2.196
7/1/1963,1.858,1.227,-0.136,-0.142,-1.507,NaN,-1.922
8/1/1963,1.583,1.19,-0.16,-0.169,-1.529,NaN,-1.983
9/1/1963,1.705,1.184,-0.182,-0.188,-1.559,NaN,-1.983
10/1/1963,1.736,1.205,-0.182,-0.191,-1.584,NaN,-2.135
11/1/1963,2.254,1.349,-0.057,-0.081,-1.511,NaN,-2.257
12/1/1963,2.04,1.224,-0.197,-0.203,-1.629,NaN,-2.562
1/1/1964,1.827,1.251,-0.157,-0.169,-1.593,NaN,-2.166
2/1/1964,1.827,1.178,-0.212,-0.221,-1.62,NaN,-2.105
3/1/1964,1.675,1.184,-0.197,-0.212,-1.608,NaN,-2.135
4/1/1964,1.675,1.111,-0.267,-0.279,-1.669,NaN,-2.318
5/1/1964,1.888,1.178,-0.175,-0.185,-1.547,NaN,-2.227
6/1/1964,1.949,1.22,-0.157,-0.169,-1.562,NaN,-2.257
7/1/1964,1.888,1.211,-0.166,-0.175,-1.565,NaN,-2.135
8/1/1964,1.827,1.245,-0.151,-0.157,-1.562,NaN,-2.074
9/1/1964,1.827,1.254,-0.148,-0.169,-1.593,NaN,-1.952
10/1/1964,1.705,1.257,-0.148,-0.151,-1.559,NaN,-2.013
11/1/1964,2.04,1.242,-0.111,-0.133,-1.507,NaN,-2.196
12/1/1964,1.979,1.19,-0.175,-0.197,-1.584,NaN,-2.41
1/1/1965,1.979,1.153,-0.179,-0.191,-1.538,NaN,-2.41
2/1/1965,1.766,1.163,-0.175,-0.197,-1.556,NaN,-2.318
3/1/1965,1.644,1.135,-0.197,-0.221,-1.578,NaN,-2.074
4/1/1965,1.644,1.187,-0.16,-0.172,-1.532,NaN,-1.922
5/1/1965,1.797,1.211,-0.154,-0.163,-1.538,NaN,-2.044
6/1/1965,1.888,1.23,-0.133,-0.157,-1.541,NaN,-2.105
7/1/1965,1.979,1.248,-0.166,-0.163,-1.575,NaN,-2.227
8/1/1965,1.888,1.205,-0.194,-0.2,-1.605,NaN,-2.135
9/1/1965,1.827,1.184,-0.166,-0.185,-1.55,NaN,-2.013
10/1/1965,1.827,1.19,-0.133,-0.148,-1.483,NaN,-1.922
11/1/1965,1.797,1.205,-0.121,-0.13,-1.468,NaN,-1.922
12/1/1965,1.675,1.132,-0.179,-0.185,-1.504,NaN,-2.105
1/1/1966,2.04,1.242,-0.09,-0.093,-1.428,NaN,-2.044
2/1/1966,1.979,1.239,-0.166,-0.16,-1.559,NaN,-2.288
3/1/1966,2.071,1.23,-0.139,-0.136,-1.504,NaN,-2.227
4/1/1966,1.827,1.193,-0.169,-0.179,-1.55,NaN,-2.166
5/1/1966,1.766,1.236,-0.136,-0.148,-1.532,NaN,-2.166
6/1/1966,1.675,1.242,-0.139,-0.139,-1.52,NaN,-1.983
7/1/1966,1.888,1.254,-0.108,-0.111,-1.477,NaN,-2.013
8/1/1966,1.888,1.224,-0.127,-0.136,-1.492,NaN,-2.105
9/1/1966,1.888,1.245,-0.121,-0.124,-1.492,NaN,-2.135
10/1/1966,1.705,1.12,-0.209,-0.221,-1.562,NaN,-2.288
11/1/1966,1.736,1.175,-0.169,-0.179,-1.529,NaN,-2.227
12/1/1966,2.04,1.135,-0.2,-0.212,-1.556,NaN,-2.257
1/1/1967,2.071,1.196,-0.179,-0.188,-1.568,NaN,-1.983
2/1/1967,1.736,1.147,-0.194,-0.209,-1.565,NaN,-2.379
3/1/1967,1.858,1.181,-0.2,-0.203,-1.587,NaN,-2.227
4/1/1967,1.949,1.227,-0.102,-0.121,-1.468,NaN,-2.257
5/1/1967,2.132,1.272,-0.078,-0.108,-1.489,NaN,-2.227
6/1/1967,1.979,1.224,-0.124,-0.133,-1.492,NaN,-1.952
7/1/1967,1.583,1.211,-0.115,-0.133,-1.477,NaN,-1.922
8/1/1967,1.675,1.166,-0.148,-0.157,-1.483,NaN,-1.922
9/1/1967,1.644,1.187,-0.16,-0.16,-1.507,NaN,-2.135
10/1/1967,1.858,1.184,-0.175,-0.179,-1.541,NaN,-2.105
11/1/1967,2.01,1.166,-0.197,-0.209,-1.584,NaN,-2.257
12/1/1967,2.01,1.227,-0.157,-0.16,-1.55,NaN,-2.196
1/1/1968,1.675,1.102,-0.249,-0.252,-1.605,NaN,-2.318
2/1/1968,1.614,1.15,-0.188,-0.194,-1.541,NaN,-2.044
3/1/1968,1.766,1.193,-0.166,-0.175,-1.544,NaN,-2.257
4/1/1968,1.888,1.163,-0.163,-0.175,-1.511,NaN,-2.257
5/1/1968,1.949,1.263,-0.078,-0.078,-1.422,NaN,-2.288
6/1/1968,2.01,1.303,-0.047,-0.054,-1.41,NaN,-2.105
7/1/1968,1.827,1.236,-0.121,-0.13,-1.498,NaN,-2.105
8/1/1968,1.888,1.367,0.017,0.004,-1.358,NaN,-1.831
9/1/1968,1.797,1.257,-0.087,-0.099,-1.456,NaN,-1.861
10/1/1968,1.949,1.205,-0.124,-0.133,-1.471,NaN,-2.105
11/1/1968,2.071,1.275,-0.072,-0.084,-1.44,NaN,-2.379
12/1/1968,2.193,1.199,-0.139,-0.145,-1.492,NaN,-2.196
1/1/1969,1.918,1.16,-0.175,-0.182,-1.523,NaN,-2.257
2/1/1969,1.827,1.288,-0.06,-0.069,-1.428,NaN,-2.166
3/1/1969,1.705,1.284,-0.069,-0.078,-1.443,NaN,-1.983
4/1/1969,1.766,1.288,-0.078,-0.087,-1.465,NaN,-1.983
5/1/1969,1.979,1.321,-0.063,-0.063,-1.45,NaN,-1.952
6/1/1969,2.01,1.333,-0.051,-0.057,-1.45,NaN,-2.074
7/1/1969,2.01,1.306,-0.081,-0.09,-1.486,NaN,-2.135
8/1/1969,1.858,1.324,-0.063,-0.069,-1.462,NaN,-2.013
9/1/1969,1.827,1.26,-0.084,-0.09,-1.443,NaN,-1.77
10/1/1969,1.827,1.251,-0.057,-0.063,-1.376,NaN,-2.013
11/1/1969,2.101,1.275,-0.038,-0.047,-1.37,NaN,-1.922
12/1/1969,2.162,1.288,-0.023,-0.029,-1.343,NaN,-2.105
1/1/1970,2.089,1.26,-0.078,-0.081,-1.422,NaN,-2.05
2/1/1970,2.086,1.251,-0.121,-0.13,-1.511,NaN,-2.26
3/1/1970,2.013,1.239,-0.111,-0.124,-1.486,NaN,-2.132
4/1/1970,1.793,1.294,-0.075,-0.087,-1.468,NaN,-2.099
5/1/1970,1.784,1.269,-0.099,-0.111,-1.495,NaN,-1.94
6/1/1970,1.875,1.318,-0.044,-0.054,-1.425,NaN,-1.968
7/1/1970,NaN,1.278,-0.063,-0.072,-1.422,NaN,NaN
8/1/1970,NaN,1.324,-0.023,-0.035,-1.395,NaN,NaN
9/1/1970,NaN,1.303,-0.038,-0.051,-1.401,NaN,NaN
10/1/1970,NaN,1.288,-0.044,-0.057,-1.401,NaN,NaN
11/1/1970,2.022,1.352,0.023,0.013,-1.328,NaN,-1.87
12/1/1970,1.919,1.376,0.035,0.029,-1.315,NaN,-1.895
1/1/1971,2.01,1.297,-0.066,-0.075,-1.45,NaN,-2.16
2/1/1971,2.04,1.266,-0.096,-0.108,-1.48,NaN,-2.02
3/1/1971,2.129,1.342,-0.047,-0.06,-1.462,NaN,-2.117
4/1/1971,2.095,1.327,-0.029,-0.041,-1.413,NaN,-2.01
5/1/1971,1.869,1.311,-0.017,-0.032,-1.38,NaN,-1.901
6/1/1971,NaN,1.288,-0.041,-0.054,-1.395,NaN,NaN
7/1/1971,NaN,1.242,-0.084,-0.093,-1.428,NaN,NaN
8/1/1971,NaN,1.217,-0.09,-0.102,-1.422,NaN,NaN
9/1/1971,1.784,1.248,-0.075,-0.105,-1.459,NaN,-2.068
10/1/1971,2.095,1.321,-0.044,-0.063,-1.443,NaN,-2.047
11/1/1971,2.117,1.333,-0.029,-0.035,-1.401,NaN,-2.077
12/1/1971,1.854,1.211,-0.151,-0.154,-1.523,NaN,-2.175
1/1/1972,1.763,1.199,-0.16,-0.166,-1.532,NaN,-2.151
2/1/1972,2.376,1.236,-0.118,-0.127,-1.492,NaN,-2.059
3/1/1972,2.159,1.303,-0.075,-0.081,-1.468,NaN,-1.99
4/1/1972,2.171,1.303,-0.057,-0.07,-1.441,NaN,-2.151
5/1/1972,1.998,1.29,-0.045,-0.057,-1.404,NaN,-2.136
6/1/1972,1.97,1.336,-0.02,-0.029,-1.395,NaN,-2.01
7/1/1972,1.818,1.318,-0.06,-0.069,-1.456,NaN,NaN
8/1/1972,1.79,1.278,-0.096,-0.102,-1.483,NaN,-1.888
9/1/1972,1.714,1.306,-0.057,-0.063,-1.431,NaN,-2.05
10/1/1972,1.864,1.266,-0.105,-0.115,-1.492,NaN,-2.245
11/1/1972,2.248,1.327,-0.047,-0.06,-1.443,NaN,-2.327
12/1/1972,2.132,1.254,-0.099,-0.105,-1.468,NaN,-2.129
1/1/1973,1.888,1.144,-0.185,-0.2,-1.544,NaN,-2.123
2/1/1973,1.827,1.16,-0.209,-0.221,-1.602,NaN,-2.08
3/1/1973,1.836,1.202,-0.133,-0.163,-1.532,NaN,-2.071
4/1/1973,2.242,1.272,-0.093,-0.133,-1.538,NaN,-2.108
5/1/1973,1.973,1.266,-0.096,-0.136,-1.538,NaN,-2.138
6/1/1973,1.94,1.233,-0.108,-0.169,-1.575,NaN,-2.212
7/1/1973,1.912,1.291,-0.087,-0.145,-1.584,NaN,-2.224
8/1/1973,1.781,1.303,-0.093,-0.118,-1.535,NaN,-1.998
9/1/1973,1.72,1.281,-0.099,-0.105,-1.49,NaN,-1.968
10/1/1973,1.748,1.239,-0.105,-0.108,-1.459,NaN,-1.925
11/1/1973,1.745,1.178,-0.188,-0.194,-1.565,NaN,-2.196
12/1/1973,2.025,1.184,-0.182,-0.191,-1.568,NaN,-2.215
1/1/1974,1.986,1.208,-0.175,-0.185,-1.578,NaN,-2.41
2/1/1974,2.104,1.211,-0.154,-0.172,-1.559,NaN,-2.129
3/1/1974,1.809,1.141,-0.261,-0.224,-1.59,NaN,-2.315
4/1/1974,1.797,1.199,-0.115,-0.157,-1.514,NaN,-2.016
5/1/1974,1.949,1.278,-0.121,-0.136,-1.55,NaN,-1.983
6/1/1974,2.034,1.284,-0.133,-0.136,-1.556,NaN,-2.056
7/1/1974,1.943,1.3,-0.09,-0.099,-1.495,NaN,-2.166
8/1/1974,1.928,1.211,-0.166,-0.169,-1.553,NaN,-2.129
9/1/1974,1.897,1.294,-0.096,-0.105,-1.504,NaN,-2.062
10/1/1974,1.772,1.16,-0.206,-0.212,-1.587,NaN,-2.221
11/1/1974,2.013,1.275,-0.115,-0.118,-1.514,NaN,-2.004
12/1/1974,2.147,1.294,-0.133,-0.139,-1.571,NaN,-2.196
1/1/1975,1.992,1.245,-0.179,-0.185,-1.617,NaN,-2.294
2/1/1975,2.037,1.224,-0.166,-0.175,-1.578,NaN,-2.373
3/1/1975,1.928,1.291,-0.136,-0.145,-1.584,NaN,-2.312
4/1/1975,1.888,1.294,-0.111,-0.13,-1.553,NaN,-2.245
5/1/1975,1.787,1.266,-0.121,-0.13,-1.526,NaN,-2.026
6/1/1975,1.708,1.294,-0.087,-0.096,-1.486,NaN,-1.94
7/1/1975,1.839,1.272,-0.099,-0.111,-1.495,NaN,-2.016
8/1/1975,1.894,1.281,-0.084,-0.105,-1.495,NaN,-2.111
9/1/1975,1.803,1.248,-0.124,-0.154,-1.553,NaN,-2.169
10/1/1975,1.94,1.367,-0.02,-0.051,-1.471,NaN,-2.184
11/1/1975,2.013,1.394,-0.014,-0.023,-1.443,NaN,-2.117
12/1/1975,1.958,1.336,-0.075,-0.081,-1.498,NaN,-2.111
1/1/1976,1.879,1.306,-0.096,-0.102,-1.511,NaN,-2.151
2/1/1976,2.08,1.312,-0.121,-0.133,-1.578,NaN,-2.242
3/1/1976,2.443,1.303,-0.115,-0.124,-1.553,NaN,-2.352
4/1/1976,1.967,1.382,-0.038,-0.044,-1.471,NaN,-2.273
5/1/1976,1.891,1.339,-0.075,-0.084,-1.507,NaN,-2.285
6/1/1976,2.046,1.342,-0.075,-0.081,-1.504,NaN,-2.062
7/1/1976,2.031,1.428,-0.002,-0.02,-1.471,NaN,-1.892
8/1/1976,1.873,1.409,-0.038,-0.054,-1.514,NaN,-1.855
9/1/1976,1.967,1.397,-0.017,-0.032,-1.462,-1.52,-2.044
10/1/1976,1.979,1.345,-0.063,-0.072,-1.486,-1.593,-2.297
11/1/1976,NaN,1.321,-0.063,-0.072,-1.465,NaN,NaN
12/1/1976,2.226,1.263,-0.127,-0.136,-1.538,NaN,-2.273
1/1/1977,2.134,1.3,-0.102,-0.118,-1.535,-1.651,-2.133
2/1/1977,1.784,1.315,-0.13,-0.139,-1.593,-1.654,-1.977
3/1/1977,2.01,1.364,-0.051,-0.06,-1.48,NaN,-2.065
4/1/1977,2.281,1.342,-0.105,-0.105,-1.553,-1.648,-2.209
5/1/1977,2.104,1.428,-0.017,-0.029,-1.486,-1.59,-2.163
6/1/1977,2.083,1.461,0.023,0.004,-1.453,-1.565,-2.139
7/1/1977,2.095,1.397,-0.047,-0.06,-1.517,-1.614,-2.105
8/1/1977,1.833,1.382,-0.008,-0.054,-1.489,-1.553,-1.962
9/1/1977,1.836,1.403,0.004,-0.008,-1.419,-1.483,-1.907
10/1/1977,2.107,1.379,-0.02,-0.029,-1.437,-1.532,-1.983
11/1/1977,2.104,1.342,-0.047,-0.054,-1.45,-1.553,-2.047
12/1/1977,2.025,1.357,-0.03,-0.039,-1.432,-1.557,-2.575
1/1/1978,2.647,1.345,-0.078,-0.087,-1.52,NaN,-2.379
2/1/1978,2.704,1.476,0.004,-0.008,-1.49,-1.563,-2.081
3/1/1978,1.854,1.315,-0.127,-0.139,-1.59,-1.666,-2.294
4/1/1978,1.9,1.4,-0.038,-0.054,-1.507,-1.605,-2.023
5/1/1978,1.985,1.388,-0.06,-0.078,-1.541,-1.642,-2.133
6/1/1978,2.022,1.367,-0.06,-0.078,-1.523,NaN,-2.148
7/1/1978,1.967,1.339,-0.057,-0.084,-1.507,-1.605,-2.218
8/1/1978,2.034,1.339,-0.017,-0.072,-1.483,-1.568,-2.099
9/1/1978,1.82,1.336,-0.038,-0.066,-1.465,-1.547,-1.999
10/1/1978,1.851,1.306,-0.087,-0.096,-1.498,-1.599,-1.98
11/1/1978,2.009,1.315,-0.09,-0.099,-1.511,-1.635,-2.118
12/1/1978,1.973,1.351,-0.094,-0.1,-1.548,-1.685,-2.236
1/1/1979,2.369,1.434,-0.044,-0.051,-1.532,-1.639,-2.203
2/1/1979,NaN,1.3,-0.124,-0.134,-1.566,-1.642,NaN
3/1/1979,1.979,1.324,-0.139,-0.155,-1.63,-1.703,-2.221
4/1/1979,2.025,1.364,-0.072,-0.084,-1.532,-1.632,-1.937
5/1/1979,1.848,1.327,-0.09,-0.099,-1.526,-1.645,-1.932
6/1/1979,1.955,1.336,-0.078,-0.087,-1.514,-1.635,-2.096
7/1/1979,1.903,1.339,-0.06,-0.072,-1.48,-1.581,-2.093
8/1/1979,2.022,1.358,-0.051,-0.066,-1.489,-1.566,-2.124
9/1/1979,2.116,1.321,-0.093,-0.105,-1.532,-1.623,-2.093
10/1/1979,2.107,1.345,-0.069,-0.084,-1.511,-1.584,-2.182
11/1/1979,1.83,1.291,-0.136,-0.148,-1.584,-1.684,-2.148
12/1/1979,1.729,1.248,-0.175,-0.185,-1.617,-1.737,-2.139
1/1/1980,1.988,1.245,-0.166,-0.175,-1.596,-1.687,-2.288
2/1/1980,2.04,1.3,-0.13,-0.142,-1.581,-1.645,-2.291
3/1/1980,2.058,1.269,-0.163,-0.179,-1.623,-1.703,-2.492
4/1/1980,1.973,1.339,-0.099,-0.111,-1.559,-1.642,-2.306
5/1/1980,1.964,1.385,-0.036,-0.045,-1.474,-1.584,-2.145
6/1/1980,1.814,1.358,-0.06,-0.072,-1.501,-1.629,-2.133
7/1/1980,1.894,1.379,-0.06,-0.069,-1.52,-1.618,-1.941
8/1/1980,1.833,1.382,-0.072,-0.081,-1.544,-1.605,-2.035
9/1/1980,1.997,1.311,-0.106,-0.115,-1.544,-1.605,-2.145
10/1/1980,2.22,1.296,-0.106,-0.115,-1.529,-1.621,-2.306
11/1/1980,2.058,1.309,-0.099,-0.105,-1.52,-1.648,-2.185
12/1/1980,1.784,1.202,-0.173,-0.182,-1.566,-1.694,-2.331
1/1/1981,1.772,1.205,-0.163,-0.172,-1.55,-1.672,-2.084
2/1/1981,1.985,1.263,-0.166,-0.175,-1.614,-1.703,-2.288
3/1/1981,2.159,1.364,-0.032,-0.041,-1.447,-1.535,-2.005
4/1/1981,1.824,1.245,-0.163,-0.175,-1.593,-1.706,-2.386
5/1/1981,1.979,1.358,-0.078,-0.087,-1.535,-1.651,-2.246
6/1/1981,2.052,1.4,-0.032,-0.041,-1.483,-1.608,-2.188
7/1/1981,1.851,1.345,-0.081,-0.087,-1.52,-1.635,-2.255
8/1/1981,1.683,1.315,-0.084,-0.093,-1.501,-1.602,-1.965
9/1/1981,1.796,1.361,-0.023,-0.029,-1.419,-1.495,-1.858
10/1/1981,1.918,1.254,-0.102,-0.108,-1.474,-1.571,-2.139
11/1/1981,1.961,1.318,-0.044,-0.047,-1.413,-1.55,-2.218
12/1/1981,2.162,1.33,-0.051,-0.057,-1.44,-1.571,-2.175
1/1/1982,2.226,1.22,-0.163,-0.169,-1.556,-1.657,-2.157
2/1/1982,1.696,1.19,-0.203,-0.209,-1.608,-1.687,-2.233
3/1/1982,1.73,1.199,-0.194,-0.206,-1.608,-1.693,-2.257
4/1/1982,1.745,1.22,-0.188,-0.197,-1.617,-1.727,-2.218
5/1/1982,1.931,1.294,-0.118,-0.121,-1.535,-1.651,-2.163
6/1/1982,2.04,1.373,-0.032,-0.035,-1.443,-1.559,-2.105
7/1/1982,2.01,1.291,-0.081,-0.09,-1.474,-1.587,-2.05
8/1/1982,1.824,1.266,-0.087,-0.096,-1.459,-1.55,-2.053
9/1/1982,1.76,1.233,-0.121,-0.13,-1.492,-1.575,-1.898
10/1/1982,1.842,1.315,-0.06,-0.069,-1.45,-1.541,-1.879
11/1/1982,1.873,1.211,-0.163,-0.172,-1.559,-1.693,-1.962
12/1/1982,1.9,1.269,-0.13,-0.136,-1.541,-1.678,-2.269
1/1/1983,2.034,1.266,-0.142,-0.151,-1.565,-1.687,-2.266
2/1/1983,1.973,1.318,-0.066,-0.075,-1.468,-1.556,-2.172
3/1/1983,1.998,1.397,-0.014,-0.026,-1.45,-1.535,-2.114
4/1/1983,1.918,1.385,-0.011,-0.026,-1.434,-1.547,-1.861
5/1/1983,1.873,1.33,-0.038,-0.041,-1.416,-1.559,-1.861
6/1/1983,1.906,1.297,-0.081,-0.066,-1.428,-1.562,-2.02
7/1/1983,2.001,1.327,-0.041,-0.044,-1.419,-1.538,-2.062
8/1/1983,2.053,1.312,-0.054,-0.063,-1.44,-1.535,-2.09
9/1/1983,1.976,1.284,-0.084,-0.096,-1.474,-1.578,-2.05
10/1/1983,2.004,1.291,-0.06,-0.072,-1.434,-1.55,-2.007
11/1/1983,2.153,1.385,0.01,0.004,-1.376,-1.495,-1.87
12/1/1983,1.955,1.269,-0.105,-0.115,-1.495,-1.617,-2.141
1/1/1984,1.958,1.175,-0.175,-0.182,-1.538,-1.645,-2.303
2/1/1984,2.025,1.236,-0.13,-0.136,-1.507,-1.605,-2.065
3/1/1984,1.943,1.263,-0.093,-0.102,-1.465,-1.553,-2.23
4/1/1984,2.095,1.382,0.001,-0.008,-1.398,-1.483,-1.98
5/1/1984,1.809,1.294,-0.078,-0.087,-1.468,-1.587,-2.038
6/1/1984,1.882,1.312,-0.047,-0.066,-1.443,-1.568,-1.983
7/1/1984,1.772,1.291,-0.102,-0.111,-1.514,-1.626,-2.02
8/1/1984,1.86,1.339,-0.057,-0.066,-1.471,-1.547,-2.056
9/1/1984,1.854,1.251,-0.111,-0.121,-1.492,-1.578,-2.221
10/1/1984,1.924,1.272,-0.069,-0.081,-1.431,-1.532,-2.188
11/1/1984,1.824,1.263,-0.063,-0.069,-1.398,-1.529,-2.185
12/1/1984,1.936,1.156,-0.151,-0.16,-1.477,-1.608,-2.142
1/1/1985,1.824,1.193,-0.115,-0.124,-1.437,-1.553,-2.175
2/1/1985,1.894,1.205,-0.163,-0.169,-1.544,-1.632,-2.127
3/1/1985,1.726,1.163,-0.169,-0.185,-1.535,-1.608,-2.206
4/1/1985,1.982,1.224,-0.133,-0.142,-1.511,-1.635,-2.191
5/1/1985,2.031,1.303,-0.069,-0.084,-1.468,-1.602,-2.215
6/1/1985,1.9,1.309,-0.069,-0.078,-1.462,-1.611,-2.093
7/1/1985,1.833,1.278,-0.087,-0.099,-1.474,-1.611,-1.998
8/1/1985,1.714,1.242,-0.102,-0.111,-1.465,-1.565,-1.867
9/1/1985,1.608,1.23,-0.111,-0.118,-1.465,-1.568,-2.01
10/1/1985,2.016,1.196,-0.139,-0.145,-1.486,-1.599,-2.199
11/1/1985,1.931,1.227,-0.09,-0.099,-1.422,-1.559,-2.196
12/1/1985,2.129,1.202,-0.111,-0.121,-1.44,-1.587,-2.047
1/1/1986,1.873,1.15,-0.203,-0.212,-1.575,-1.703,-2.236
2/1/1986,1.745,1.239,-0.121,-0.13,-1.501,-1.605,-2.059
3/1/1986,1.598,1.166,-0.194,-0.203,-1.575,-1.684,-2.151
4/1/1986,2.01,1.309,-0.051,-0.06,-1.425,-1.556,-2.071
5/1/1986,2.031,1.327,-0.041,-0.057,-1.44,-1.575,-2.148
6/1/1986,2.022,1.266,-0.096,-0.105,-1.48,-1.611,-2.138
7/1/1986,2.004,1.263,-0.069,-0.078,-1.422,-1.541,-2.068
8/1/1986,1.827,1.217,-0.096,-0.105,-1.431,-1.538,-1.971
9/1/1986,1.592,1.205,-0.108,-0.115,-1.437,-1.526,-1.864
10/1/1986,1.736,1.23,-0.081,-0.087,-1.404,-1.511,-2.053
11/1/1986,1.873,1.193,-0.142,-0.148,-1.489,-1.626,-2.056
12/1/1986,2.287,1.202,-0.154,-0.157,-1.52,-1.669,-2.245
1/1/1987,2.403,1.321,-0.069,-0.075,-1.471,-1.596,-2.148
2/1/1987,1.733,1.166,-0.179,-0.185,-1.532,-1.626,-2.218
3/1/1987,1.912,1.303,-0.075,-0.081,-1.468,-1.568,-2.038
4/1/1987,1.882,1.327,-0.026,-0.035,-1.398,-1.523,-1.855
5/1/1987,1.763,1.208,-0.118,-0.124,-1.456,-1.602,-2.16
6/1/1987,1.925,1.266,-0.06,-0.066,-1.401,-1.538,-2.074
7/1/1987,2.004,1.266,-0.063,-0.072,-1.407,-1.529,-2.023
8/1/1987,2.004,1.254,-0.081,-0.093,-1.437,-1.535,-2.01
9/1/1987,1.769,1.239,-0.102,-0.111,-1.459,-1.559,-2.093
10/1/1987,1.778,1.22,-0.115,-0.127,-1.471,-1.596,-1.998
11/1/1987,1.821,1.217,-0.118,-0.133,-1.483,-1.614,-2.041
12/1/1987,1.909,1.281,-0.054,-0.057,-1.398,-1.523,-1.974
1/1/1988,2.004,1.105,-0.206,-0.212,-1.532,-1.62,-2.056
2/1/1988,1.912,1.178,-0.139,-0.151,-1.48,-1.562,-2.218
3/1/1988,1.781,1.12,-0.194,-0.2,-1.523,-1.593,-2.19
4/1/1988,1.909,1.315,-0.023,-0.029,-1.373,-1.468,-1.977
5/1/1988,1.711,1.227,-0.102,-0.108,-1.447,-1.571,-1.937
6/1/1988,1.897,1.281,-0.057,-0.063,-1.41,-1.547,-1.815
7/1/1988,1.891,1.251,-0.108,-0.121,-1.492,-1.602,-2.01
8/1/1988,1.882,1.284,-0.093,-0.102,-1.489,-1.562,-2.065
9/1/1988,1.778,1.23,-0.115,-0.124,-1.474,-1.562,-2.157
10/1/1988,1.982,1.233,-0.099,-0.108,-1.447,-1.565,-1.989
11/1/1988,1.787,1.208,-0.108,-0.115,-1.434,-1.553,-2.035
12/1/1988,1.745,1.153,-0.163,-0.169,-1.489,-1.599,-2.041
1/1/1989,1.784,1.138,-0.172,-0.185,-1.507,-1.59,-2.236
2/1/1989,1.766,1.15,-0.209,-0.209,-1.568,-1.678,-2.263
3/1/1989,1.687,1.086,-0.224,-0.236,-1.559,-1.639,-2.294
4/1/1989,2.056,1.187,-0.16,-0.175,-1.538,-1.642,-2.263
5/1/1989,1.861,1.269,-0.096,-0.108,-1.486,-1.614,-2.166
6/1/1989,1.903,1.3,-0.072,-0.081,-1.462,-1.593,-1.974
7/1/1989,1.726,1.251,-0.105,-0.111,-1.474,-1.599,-1.892
8/1/1989,1.696,1.26,-0.087,-0.096,-1.45,-1.55,-2.013
9/1/1989,1.87,1.227,-0.115,-0.124,-1.474,-1.565,-1.98
10/1/1989,1.876,1.224,-0.111,-0.118,-1.456,-1.568,-2.209
11/1/1989,1.982,1.217,-0.108,-0.115,-1.45,-1.581,-2.251
12/1/1989,1.891,1.147,-0.203,-0.206,-1.559,-1.684,-2.209
1/1/1990,1.989,1.169,-0.194,-0.2,-1.571,-1.687,-2.038
2/1/1990,1.699,1.132,-0.206,-0.218,-1.571,-1.654,-2.245
3/1/1990,1.611,1.141,-0.233,-0.24,-1.617,-1.706,-2.257
4/1/1990,1.882,1.19,-0.175,-0.188,-1.562,-1.669,-2.209
5/1/1990,2.031,1.288,-0.075,-0.084,-1.456,-1.596,-2.117
6/1/1990,2.074,1.26,-0.081,-0.09,-1.443,-1.568,-1.937
7/1/1990,1.854,1.224,-0.099,-0.111,-1.447,-1.559,-1.892
8/1/1990,1.714,1.233,-0.075,-0.084,-1.401,-1.477,-1.84
9/1/1990,NaN,1.245,-0.078,-0.075,-1.392,-1.477,NaN
10/1/1990,NaN,1.245,-0.084,-0.09,-1.425,-1.514,NaN
11/1/1990,2.126,1.281,-0.072,-0.081,-1.443,-1.581,-1.956
12/1/1990,2.44,1.227,-0.154,-0.16,-1.547,-1.687,-2.184
1/1/1991,1.925,1.224,-0.139,-0.142,-1.507,-1.608,-2.294
2/1/1991,1.851,1.19,-0.145,-0.157,-1.504,-1.59,-2.251
3/1/1991,1.934,1.349,-0.026,-0.032,-1.416,-1.495,-1.989
4/1/1991,1.854,1.257,-0.099,-0.108,-1.477,-1.584,-1.949
5/1/1991,1.949,1.26,-0.072,-0.081,-1.419,-1.556,-1.971
6/1/1991,2.028,1.3,-0.044,-0.054,-1.407,-1.535,-2.117
7/1/1991,1.995,1.281,-0.066,-0.075,-1.431,-1.535,-2.041
8/1/1991,1.964,1.291,-0.075,-0.084,-1.459,-1.541,-1.98
9/1/1991,1.781,1.248,-0.108,-0.118,-1.48,-1.575,-1.974
10/1/1991,2.281,1.284,-0.06,-0.072,-1.425,-1.538,-1.949
11/1/1991,2.043,1.352,-0.081,-0.096,-1.544,-1.678,-2.184
12/1/1991,2.126,1.3,-0.09,-0.102,-1.501,-1.62,-2.148
1/1/1992,1.992,1.309,-0.072,-0.081,-1.471,-1.553,-2.199
2/1/1992,1.958,1.309,-0.078,-0.087,-1.486,-1.578,-2.123
3/1/1992,1.937,1.272,-0.096,-0.105,-1.483,-1.55,-2.129
4/1/1992,1.769,1.281,-0.099,-0.108,-1.495,-1.584,-2.065
5/1/1992,1.736,1.269,-0.115,-0.124,-1.52,-1.629,-2.032
6/1/1992,1.925,1.376,-0.032,-0.038,-1.456,-1.568,-1.986
7/1/1992,1.973,1.367,-0.06,-0.072,-1.514,-1.605,-2.193
8/1/1992,2.016,1.342,-0.099,-0.105,-1.553,-1.611,-2.093
9/1/1992,1.87,1.239,-0.151,-0.163,-1.565,-1.632,-2.166
10/1/1992,1.891,1.251,-0.105,-0.115,-1.48,-1.578,-2.065
11/1/1992,1.982,1.22,-0.133,-0.139,-1.501,-1.605,-1.937
12/1/1992,2.101,1.239,-0.118,-0.127,-1.492,-1.605,-2.251
1/1/1993,1.802,1.214,-0.16,-0.173,-1.56,-1.645,-2.227
2/1/1993,1.903,1.336,-0.081,-0.109,-1.551,-1.618,-2.343
3/1/1993,2.046,1.247,-0.17,-0.186,-1.619,-1.714,-2.276
4/1/1993,1.985,1.427,-0.03,-0.045,-1.52,-1.612,-2.31
5/1/1993,1.955,1.4,-0.066,-0.081,-1.56,-1.663,-2.175
6/1/1993,1.875,1.36,-0.1,-0.112,-1.581,-1.712,-2.041
7/1/1993,1.866,1.388,-0.051,-0.06,-1.511,-1.621,-1.98
8/1/1993,1.863,1.339,-0.072,-0.081,-1.502,-1.584,-2.014
9/1/1993,1.97,1.321,-0.078,-0.094,-1.508,-1.59,-2.133
10/1/1993,1.989,1.278,-0.111,-0.118,-1.517,-1.614,-2.263
11/1/1993,1.989,1.233,-0.154,-0.166,-1.565,-1.69,-2.215
12/1/1993,2.05,1.327,-0.081,-0.09,-1.504,-1.629,-1.965
1/1/1994,1.833,1.185,-0.242,-0.257,-1.698,-1.802,-2.248
2/1/1994,1.851,1.225,-0.194,-0.203,-1.631,-1.717,-2.251
3/1/1994,1.961,1.34,-0.131,-0.143,-1.625,-1.694,-2.3
4/1/1994,1.995,1.252,-0.181,-0.193,-1.637,-1.75,-2.343
5/1/1994,2.196,1.37,-0.043,-0.055,-1.48,-1.603,-2.068
6/1/1994,1.952,1.314,-0.106,-0.117,-1.548,-1.666,-2.071
7/1/1994,1.827,1.292,-0.092,-0.105,-1.502,-1.59,-1.983
8/1/1994,1.675,1.268,-0.104,-0.118,-1.504,-1.584,-1.885
9/1/1994,1.797,1.327,-0.071,-0.08,-1.486,-1.546,-1.971
10/1/1994,1.781,1.294,-0.1,-0.11,-1.513,-1.595,-2.236
11/1/1994,2.046,1.257,-0.153,-0.165,-1.587,-1.705,-2.269
12/1/1994,1.955,1.285,-0.144,-0.153,-1.591,-1.705,-2.242
1/1/1995,2.159,1.314,-0.135,-0.146,-1.605,-1.698,-2.209
2/1/1995,1.8,1.268,-0.132,-0.146,-1.56,-1.642,-2.013
3/1/1995,1.748,1.307,-0.127,-0.138,-1.582,-1.648,-2.08
4/1/1995,1.864,1.268,-0.146,-0.157,-1.582,-1.672,-2.141
5/1/1995,2.056,1.343,-0.054,-0.065,-1.473,-1.591,-2.129
6/1/1995,2.056,1.284,-0.113,-0.122,-1.528,-1.644,-2.224
7/1/1995,1.937,1.322,-0.079,-0.09,-1.501,-1.586,-2.141
8/1/1995,1.937,1.363,-0.067,-0.077,-1.517,-1.576,-1.986
9/1/1995,1.742,1.327,-0.1,-0.112,-1.55,-1.628,-1.965
10/1/1995,1.961,1.348,-0.053,-0.074,-1.495,-1.591,-2.026
11/1/1995,2.126,1.414,0.012,-0.003,-1.42,-1.529,-2.093
12/1/1995,2.293,1.379,-0.028,-0.036,-1.45,-1.548,-2.013
1/1/1996,2.006,1.351,-0.05,-0.063,-1.476,-1.591,-2.256
2/1/1996,2.036,1.334,-0.085,-0.097,-1.527,-1.589,-2.36
3/1/1996,1.981,1.262,-0.132,-0.139,-1.539,-1.619,-2.125
4/1/1996,2.062,1.361,-0.041,-0.052,-1.464,-1.564,-1.893
5/1/1996,1.823,1.335,-0.078,-0.087,-1.508,-1.622,-2.112
6/1/1996,1.918,1.334,-0.088,-0.098,-1.529,-1.646,-2.214
7/1/1996,2.096,1.404,-0.051,-0.067,-1.537,-1.631,-2.132
8/1/1996,2.023,1.363,-0.092,-0.103,-1.568,-1.623,-2.096
9/1/1996,1.944,1.506,0.029,0.015,-1.475,-1.54,-2.16
10/1/1996,1.929,1.412,-0.001,-0.013,-1.437,-1.539,-1.978
11/1/1996,1.756,1.37,-0.025,-0.036,-1.441,-1.551,-2.009
12/1/1996,2.042,1.359,-0.023,-0.033,-1.425,-1.546,-1.954
1/1/1997,2.232,1.319,-0.063,-0.079,-1.476,-1.592,-2.242
2/1/1997,2.035,1.306,-0.116,-0.125,-1.556,-1.636,-2.252
3/1/1997,2.034,1.317,-0.099,-0.108,-1.532,-1.641,-2.273
4/1/1997,1.927,1.447,-0.006,-0.014,-1.475,-1.606,-2.128
5/1/1997,1.977,1.374,-0.073,-0.082,-1.538,-1.669,-2.036
6/1/1997,1.819,1.39,-0.052,-0.063,-1.515,-1.637,-1.967
7/1/1997,1.798,1.324,-0.1,-0.108,-1.54,-1.647,-2.133
8/1/1997,1.947,1.328,-0.08,-0.091,-1.51,-1.583,-2.112
9/1/1997,1.937,1.328,-0.068,-0.077,-1.481,-1.55,-2.07
10/1/1997,1.912,1.327,-0.058,-0.07,-1.466,-1.563,-2.083
11/1/1997,2.081,1.358,-0.028,-0.036,-1.43,-1.544,-2.143
12/1/1997,2.002,1.336,-0.053,-0.067,-1.469,-1.606,-2.12
1/1/1998,2.116,1.383,-0.038,-0.048,-1.479,-1.576,-2.037
2/1/1998,2.081,1.435,0.021,0.008,-1.419,-1.505,-1.956
3/1/1998,1.96,1.396,-0.053,-0.068,-1.531,-1.616,-2.211
4/1/1998,1.975,1.427,-0.016,-0.028,-1.483,-1.582,-2.188
5/1/1998,2.018,1.409,-0.016,-0.028,-1.465,-1.587,-2.09
6/1/1998,1.894,1.397,-0.005,-0.015,-1.427,-1.531,-1.945
7/1/1998,1.848,1.364,-0.028,-0.038,-1.439,-1.533,-1.827
8/1/1998,1.687,1.286,-0.093,-0.1,-1.486,-1.548,-1.956
9/1/1998,2,1.368,-0.039,-0.047,-1.461,-1.512,-1.89
10/1/1998,1.847,1.288,-0.1,-0.105,-1.498,-1.569,-2.185
11/1/1998,1.969,1.305,-0.106,-0.113,-1.531,-1.635,-2.233
12/1/1998,2.016,1.288,-0.138,-0.144,-1.576,-1.684,-2.247
1/1/1999,1.92,1.244,-0.18,-0.2,-1.644,-1.756,-2.537
2/1/1999,1.79,1.329,-0.079,-0.085,-1.499,-1.574,-2.015
3/1/1999,1.979,1.33,-0.109,-0.121,-1.571,-1.651,-2.102
4/1/1999,1.974,1.346,-0.07,-0.078,-1.501,-1.604,-2.135
5/1/1999,1.873,1.287,-0.107,-0.117,-1.521,-1.644,-2.31
6/1/1999,2.023,1.274,-0.113,-0.125,-1.524,-1.659,-2.199
7/1/1999,1.902,1.329,-0.069,-0.082,-1.493,-1.6,-2.119
8/1/1999,1.84,1.345,-0.066,-0.079,-1.502,-1.582,-1.98
9/1/1999,1.862,1.351,-0.077,-0.09,-1.53,-1.611,-1.998
10/1/1999,1.956,1.316,-0.106,-0.115,-1.545,-1.642,-2.133
11/1/1999,1.958,1.285,-0.133,-0.144,-1.572,-1.683,-2.35
12/1/1999,1.947,1.278,-0.133,-0.144,-1.565,-1.696,-2.262
1/1/2000,2.174,1.273,-0.136,-0.145,-1.562,-1.681,-2.243
2/1/2000,2.028,1.197,-0.221,-0.236,-1.668,-1.758,-2.309
3/1/2000,1.732,1.287,-0.098,-0.111,-1.509,-1.598,-1.967
4/1/2000,1.813,1.342,-0.072,-0.086,-1.513,-1.616,-2.009
5/1/2000,1.855,1.385,-0.038,-0.046,-1.476,-1.6,-2.081
6/1/2000,2.008,1.346,-0.081,-0.093,-1.532,-1.663,-2.226
7/1/2000,2.065,1.393,-0.055,-0.068,-1.529,-1.647,-2.137
8/1/2000,1.986,1.349,-0.087,-0.102,-1.552,-1.631,-2.13
9/1/2000,1.795,1.299,-0.095,-0.106,-1.51,-1.567,-1.96
10/1/2000,1.611,1.26,-0.121,-0.132,-1.524,-1.613,-1.894
11/1/2000,1.888,1.32,-0.045,-0.052,-1.424,-1.538,-1.926
12/1/2000,2.125,1.181,-0.164,-0.172,-1.525,-1.656,-2.469
1/1/2001,2.01,1.286,-0.097,-0.106,-1.498,-1.608,-2.212
2/1/2001,1.974,1.204,-0.198,-0.205,-1.613,-1.714,-2.578
3/1/2001,2.141,1.333,-0.076,-0.088,-1.509,-1.611,-2.273
4/1/2001,1.79,1.282,-0.131,-0.143,-1.568,-1.703,-2.091
5/1/2001,1.688,1.319,-0.097,-0.103,-1.525,-1.666,-2.06
6/1/2001,1.842,1.31,-0.094,-0.104,-1.518,-1.662,-2.066
7/1/2001,1.967,1.319,-0.081,-0.091,-1.5,-1.618,-2.095
8/1/2001,1.968,1.294,-0.087,-0.097,-1.488,-1.582,-2.119
9/1/2001,1.892,1.299,-0.073,-0.084,-1.466,-1.543,-2.056
10/1/2001,1.919,1.267,-0.087,-0.099,-1.464,-1.555,-2.105
11/1/2001,1.714,1.223,-0.129,-0.138,-1.499,-1.622,-2.065
12/1/2001,1.724,1.262,-0.095,-0.106,-1.473,-1.629,-2.033
1/1/2002,2.031,1.25,-0.143,-0.152,-1.554,-1.672,-2.129
2/1/2002,2.004,1.276,-0.098,-0.115,-1.506,-1.615,-2.432
3/1/2002,1.8,1.201,-0.22,-0.233,-1.667,-1.774,-2.275
4/1/2002,2.056,1.238,-0.148,-0.164,-1.565,-1.679,-2.302
5/1/2002,1.818,1.251,-0.123,-0.134,-1.519,-1.653,-2.096
6/1/2002,1.725,1.258,-0.103,-0.112,-1.482,-1.613,-1.957
7/1/2002,1.698,1.264,-0.085,-0.092,-1.447,-1.558,-1.879
8/1/2002,1.757,1.234,-0.104,-0.112,-1.458,-1.529,-2.006
9/1/2002,1.949,1.278,-0.078,-0.085,-1.447,-1.52,-2.082
10/1/2002,1.9,1.269,-0.081,-0.085,-1.438,-1.525,-2.103
11/1/2002,2.212,1.266,-0.103,-0.112,-1.49,-1.61,-2.118
12/1/2002,1.861,1.296,-0.099,-0.103,-1.502,-1.611,-2.321
1/1/2003,2.208,1.268,-0.115,-0.132,-1.532,-1.644,-2.25
2/1/2003,1.854,1.152,-0.212,-0.223,-1.597,-1.684,-2.022
3/1/2003,1.891,1.195,-0.189,-0.209,-1.612,-1.724,-2.163
4/1/2003,1.831,1.261,-0.115,-0.127,-1.515,-1.614,-2.314
5/1/2003,1.842,1.289,-0.068,-0.078,-1.444,-1.585,-2.398
6/1/2003,2.03,1.306,-0.041,-0.051,-1.408,-1.546,-2.098
7/1/2003,1.911,1.299,-0.052,-0.066,-1.43,-1.559,-1.97
8/1/2003,1.791,1.317,-0.064,-0.076,-1.468,-1.55,-1.885
9/1/2003,1.975,1.323,-0.067,-0.078,-1.478,-1.56,-1.884
10/1/2003,2.02,1.301,-0.069,-0.081,-1.462,-1.586,-2.133
11/1/2003,2.059,1.287,-0.077,-0.086,-1.459,-1.6,-2.167
12/1/2003,2.132,1.301,-0.066,-0.075,-1.451,-1.581,-2.202
1/1/2004,1.938,1.2,-0.134,-0.138,-1.476,-1.583,-2.062
2/1/2004,2.054,1.196,-0.172,-0.178,-1.551,-1.651,-2.018
3/1/2004,1.796,1.201,-0.145,-0.15,-1.501,-1.604,-1.935
4/1/2004,1.888,1.241,-0.115,-0.125,-1.491,-1.62,-2.004
5/1/2004,1.961,1.258,-0.105,-0.116,-1.489,-1.619,-2.19
6/1/2004,2.026,1.319,-0.065,-0.076,-1.47,-1.616,-2.285
7/1/2004,1.992,1.324,-0.071,-0.081,-1.486,-1.62,-2.181
8/1/2004,1.926,1.322,-0.07,-0.082,-1.485,-1.579,-2.102
9/1/2004,1.744,1.307,-0.048,-0.059,-1.424,-1.497,-1.866
10/1/2004,1.889,1.361,0.027,0.019,-1.323,-1.433,-1.761
11/1/2004,1.892,1.283,-0.029,-0.036,-1.355,-1.484,-1.916
12/1/2004,2.171,1.256,-0.042,-0.051,-1.358,-1.502,-2.083
1/1/2005,2.055,1.278,-0.061,-0.07,-1.418,-1.557,-2.193
2/1/2005,2.258,1.316,-0.06,-0.067,-1.449,-1.55,-2.094
3/1/2005,2.184,1.389,0.005,-0.006,-1.401,-1.523,-2.131
4/1/2005,2.049,1.404,0.024,0.011,-1.382,-1.515,-1.891
5/1/2005,2.24,1.445,0.06,0.055,-1.335,-1.491,-1.799
6/1/2005,2.027,1.404,0.01,0.003,-1.398,-1.559,-2.033
7/1/2005,2.063,1.338,-0.024,-0.031,-1.4,-1.527,-2.11
8/1/2005,2.001,1.296,-0.043,-0.053,-1.402,-1.509,-2.018
9/1/2005,1.913,1.274,-0.064,-0.073,-1.42,-1.507,-2.019
10/1/2005,1.905,1.306,-0.01,-0.02,-1.345,-1.468,-1.938
11/1/2005,1.781,1.288,-0.051,-0.061,-1.41,-1.552,-1.987
12/1/2005,1.972,1.276,-0.086,-0.094,-1.463,-1.622,-2.039
1/1/2006,2.212,1.301,-0.065,-0.081,-1.462,-1.596,-2.062
2/1/2006,2.201,1.247,-0.089,-0.096,-1.438,-1.559,-2.129
3/1/2006,1.957,1.312,-0.084,-0.096,-1.503,-1.603,-2.175
4/1/2006,1.822,1.282,-0.092,-0.105,-1.491,-1.621,-2.127
5/1/2006,1.904,1.362,0.007,-0.003,-1.367,-1.527,-1.925
6/1/2006,1.743,1.335,-0.004,-0.015,-1.365,-1.504,-1.911
7/1/2006,1.886,1.292,-0.048,-0.059,-1.41,-1.528,-1.991
8/1/2006,1.918,1.284,-0.041,-0.052,-1.387,-1.463,-1.994
9/1/2006,1.871,1.311,-0.029,-0.038,-1.386,-1.458,-1.976
10/1/2006,1.922,1.317,-0.008,-0.012,-1.34,-1.456,-2.156
11/1/2006,1.87,1.339,-0.044,-0.053,-1.445,-1.559,-2.207
12/1/2006,2.011,1.263,-0.107,-0.113,-1.488,-1.623,-2.012
1/1/2007,1.767,1.217,-0.12,-0.13,-1.476,-1.586,-2.052
2/1/2007,1.942,1.183,-0.167,-0.183,-1.549,-1.62,-2.133
3/1/2007,1.8,1.142,-0.205,-0.218,-1.577,-1.683,-2.408
4/1/2007,2.411,1.337,-0.028,-0.04,-1.416,-1.531,-2.094
5/1/2007,2.153,1.271,-0.091,-0.102,-1.475,-1.619,-2.122
6/1/2007,1.974,1.352,-0.008,-0.017,-1.386,-1.527,-1.902
7/1/2007,NaN,1.295,-0.067,-0.078,-1.451,-1.562,-1.834
8/1/2007,1.724,1.297,-0.092,-0.106,-1.508,-1.575,-1.881
9/1/2007,1.926,1.259,-0.126,-0.138,-1.535,-1.626,-2.056
10/1/2007,1.989,1.309,-0.068,-0.081,-1.47,-1.595,-2.27
11/1/2007,1.92,1.273,-0.127,-0.139,-1.551,-1.686,-2.329
12/1/2007,1.883,1.201,-0.163,-0.175,-1.551,-1.676,-2.216
1/1/2008,1.68,1.192,-0.154,-0.164,-1.52,-1.628,-2.339
2/1/2008,1.754,1.202,-0.166,-0.176,-1.554,-1.639,-2.109
3/1/2008,1.848,1.183,-0.155,-0.162,-1.507,-1.618,-2.139
4/1/2008,1.791,1.235,-0.14,-0.151,-1.537,-1.662,-2.223
5/1/2008,2.084,1.381,-0.003,-0.012,-1.404,-1.543,-2.142
6/1/2008,2.035,1.349,-0.05,-0.061,-1.471,-1.605,-2.173
7/1/2008,2.004,1.332,-0.08,-0.092,-1.515,-1.639,-2.168
8/1/2008,2.014,1.353,-0.033,-0.049,-1.45,-1.533,-1.892
9/1/2008,1.63,1.3,-0.056,-0.068,-1.435,-1.509,-1.808
10/1/2008,1.922,1.335,-0.011,-0.021,-1.376,-1.472,-1.891
11/1/2008,2.127,1.301,-0.04,-0.049,-1.399,-1.518,-2.045
12/1/2008,2.164,1.195,-0.133,-0.144,-1.483,-1.62,-2.248
1/1/2009,2.115,1.235,-0.113,-0.119,-1.472,-1.586,-2.117
2/1/2009,1.958,1.296,-0.07,-0.078,-1.451,-1.53,-2.078
3/1/2009,1.88,1.254,-0.116,-0.131,-1.516,-1.609,-2.211
4/1/2009,1.86,1.321,-0.059,-0.071,-1.463,-1.593,-2.01
5/1/2009,1.867,1.315,-0.069,-0.08,-1.474,-1.617,-2.09
6/1/2009,2.177,1.438,0.047,0.037,-1.364,-1.49,-1.97
7/1/2009,2.053,1.406,0.044,0.035,-1.336,-1.443,-2.077
8/1/2009,1.989,1.327,-0.029,-0.039,-1.404,-1.495,-1.941
9/1/2009,1.829,1.341,-0.027,-0.039,-1.418,-1.5,-1.969
10/1/2009,1.987,1.392,0.033,0.026,-1.339,-1.441,-1.777
11/1/2009,1.846,1.335,-0.006,-0.018,-1.37,-1.504,-1.813
12/1/2009,2.2,1.366,-0.006,-0.017,-1.399,-1.534,-1.931
1/1/2010,2.333,1.46,0.046,0.033,-1.393,-1.493,-2.291
2/1/2010,2.097,1.492,0.105,0.099,-1.294,-1.394,-2.167
3/1/2010,2.239,1.559,0.107,0.091,-1.377,-1.471,-1.91
4/1/2010,2.155,1.476,0.055,0.043,-1.39,-1.511,-1.898
5/1/2010,1.95,1.392,0.003,-0.009,-1.41,-1.549,-1.808
6/1/2010,1.91,1.415,0.039,0.028,-1.358,-1.471,-1.946
7/1/2010,1.976,1.37,0.003,-0.008,-1.385,-1.478,-1.944
8/1/2010,2.033,1.372,0.005,-0.006,-1.384,-1.446,-1.975
9/1/2010,2.086,1.411,0.026,0.016,-1.379,-1.455,-1.943
10/1/2010,2.073,1.408,0.035,0.025,-1.358,-1.462,-2.023
11/1/2010,2.19,1.426,0.015,0.007,-1.411,-1.528,-2.118
12/1/2010,2.124,1.491,0.077,0.072,-1.346,-1.475,-1.833
1/1/2011,2.281,1.411,-0.004,-0.01,-1.431,-1.541,-2.144
2/1/2011,2.07,1.367,-0.032,-0.042,-1.45,-1.513,-2.107
3/1/2011,2.099,1.326,-0.07,-0.081,-1.488,-1.563,-2.283
4/1/2011,2.075,1.373,-0.025,-0.037,-1.447,-1.545,-2.217
5/1/2011,2.071,1.418,0.039,0.028,-1.362,-1.474,-2.032
6/1/2011,2.067,1.442,0.056,0.046,-1.35,-1.467,-1.771
7/1/2011,1.878,1.422,0.028,0.015,-1.392,-1.482,-1.745
8/1/2011,2.032,1.463,0.048,0.033,-1.397,-1.46,-1.969
9/1/2011,2.139,1.421,0,-0.009,-1.439,-1.498,-2.027
10/1/2011,2.062,1.455,0.049,0.034,-1.386,-1.486,-2.138
11/1/2011,2.13,1.34,-0.052,-0.064,-1.469,-1.584,-2.144
12/1/2011,2.064,1.278,-0.082,-0.091,-1.46,-1.583,-2.045
1/1/2012,1.997,1.252,-0.104,-0.113,-1.478,-1.591,-1.994
2/1/2012,1.731,1.27,-0.101,-0.11,-1.491,-1.569,-1.838
3/1/2012,1.684,1.272,-0.091,-0.099,-1.469,-1.56,-2.135
4/1/2012,2.02,1.384,-0.005,-0.016,-1.416,-1.518,-1.967
5/1/2012,2.035,1.362,-0.049,-0.057,-1.476,-1.601,-2.185
6/1/2012,2.367,1.487,0.077,0.066,-1.355,-1.482,-1.926
7/1/2012,2.07,1.441,0.019,0.01,-1.421,-1.529,-1.941
8/1/2012,1.962,1.446,0.038,0.024,-1.397,-1.475,-1.79
9/1/2012,1.877,1.375,-0.003,-0.016,-1.406,-1.468,-1.875
10/1/2012,2.021,1.424,0.058,0.046,-1.333,-1.432,-1.948
11/1/2012,2.128,1.405,0.005,-0.007,-1.419,-1.543,-2.185
12/1/2012,2.059,1.422,0.042,0.03,-1.362,-1.481,-2.206
1/1/2013,2.13,1.31,-0.079,-0.09,-1.489,-1.592,-2.126
2/1/2013,1.987,1.365,-0.057,-0.065,-1.495,-1.585,-1.944
3/1/2013,2.029,1.541,0.069,0.052,-1.437,-1.509,-1.971
4/1/2013,1.981,1.405,-0.057,-0.077,-1.559,-1.664,-2.188
5/1/2013,2.245,1.421,-0.05,-0.064,-1.548,-1.674,-2.235
6/1/2013,2.137,1.471,0.015,0.001,-1.469,-1.578,-2.135
7/1/2013,2.21,1.452,0.017,0.005,-1.442,-1.533,-2.004
8/1/2013,2.015,1.413,0.002,-0.005,-1.422,-1.499,-2.02
9/1/2013,1.78,1.388,-0.004,-0.016,-1.419,-1.485,-1.898
10/1/2013,1.902,1.377,-0.005,-0.013,-1.402,-1.495,-1.834
11/1/2013,1.908,1.299,-0.092,-0.103,-1.504,-1.629,-2.022
12/1/2013,2.058,1.339,-0.099,-0.109,-1.556,-1.678,-2.372
1/1/2014,2.311,1.386,-0.068,-0.085,-1.556,-1.666,-2.34
2/1/2014,1.926,1.327,-0.108,-0.115,-1.557,-1.647,-2.313
3/1/2014,1.971,1.387,-0.088,-0.102,-1.59,-1.668,-2.246
4/1/2014,1.935,1.435,-0.039,-0.053,-1.541,-1.639,-1.957
5/1/2014,1.907,1.457,0.008,-0.006,-1.468,-1.596,-1.977
6/1/2014,2.084,1.431,-0.004,-0.018,-1.466,-1.583,-2.077
7/1/2014,2.066,1.409,-0.019,-0.033,-1.475,-1.573,-2.124
8/1/2014,2.056,1.413,-0.008,-0.021,-1.455,-1.513,-2.09
9/1/2014,1.979,1.384,-0.043,-0.054,-1.492,-1.541,-2.06
10/1/2014,2.029,1.466,0.039,0.031,-1.404,-1.484,-2.003
11/1/2014,2.018,1.391,-0.047,-0.058,-1.507,-1.609,-2.03
12/1/2014,1.995,1.393,-0.054,-0.062,-1.517,-1.62,-2.083
1/1/2015,2.128,1.281,-0.136,-0.146,-1.572,-1.682,-2.133
2/1/2015,2.159,1.328,-0.115,-0.131,-1.59,-1.677,-2.485
3/1/2015,2.058,1.239,-0.187,-0.198,-1.634,-1.709,-2.385
4/1/2015,2.113,1.35,-0.092,-0.107,-1.564,-1.649,-2.21
5/1/2015,1.888,1.299,-0.125,-0.138,-1.574,-1.683,-2.091
6/1/2015,1.757,1.357,-0.06,-0.073,-1.503,-1.607,-1.924
7/1/2015,1.824,1.42,-0.022,-0.034,-1.488,-1.579,-2.011
8/1/2015,1.917,1.416,-0.049,-0.065,-1.545,-1.606,-2.061
9/1/2015,2.092,1.373,-0.07,-0.085,-1.542,-1.586,-2.238
10/1/2015,2.056,1.395,-0.051,-0.063,-1.521,-1.601,-2.246
11/1/2015,1.7,1.304,-0.113,-0.124,-1.551,-1.672,-2.347
12/1/2015,1.886,1.302,-0.091,-0.1,-1.502,-1.63,-2.031
1/1/2016,1.939,1.336,-0.056,-0.063,-1.461,-1.556,-2.028
2/1/2016,2.181,1.35,-0.097,-0.108,-1.565,-1.654,-2.12
3/1/2016,1.961,1.321,-0.091,-0.104,-1.529,-1.621,-2.214
4/1/2016,2.262,1.375,-0.07,-0.083,-1.54,-1.658,-2.266
5/1/2016,2.172,1.384,-0.078,-0.088,-1.56,-1.682,-2.201
6/1/2016,2.197,1.428,-0.044,-0.057,-1.541,-1.665,-2.072
7/1/2016,1.866,1.416,-0.056,-0.065,-1.545,-1.649,-2.069
8/1/2016,1.797,1.379,-0.067,-0.079,-1.536,-1.622,-1.917
9/1/2016,1.843,1.397,-0.023,-0.036,-1.468,-1.538,-1.955
10/1/2016,2.123,1.398,0,-0.011,-1.42,-1.502,-1.979
11/1/2016,2.181,1.377,-0.011,-0.022,-1.421,-1.528,-2.112
12/1/2016,2.15,1.356,-0.038,-0.048,-1.452,-1.581,-2.183
1/1/2017,1.928,1.35,-0.057,-0.07,-1.489,-1.598,-2.252
2/1/2017,1.949,1.402,-0.027,-0.037,-1.475,-1.552,-2.229
3/1/2017,1.88,1.336,-0.128,-0.142,-1.62,-1.712,-2.087
4/1/2017,2.037,1.476,0.006,-0.009,-1.493,-1.588,-2.156
5/1/2017,2.342,1.536,0.067,0.052,-1.431,-1.545,-2.038
6/1/2017,2.24,1.476,0.029,0.017,-1.442,-1.568,-2.099
7/1/2017,2.085,1.429,0.008,-0.001,-1.431,-1.526,-1.991
8/1/2017,1.94,1.374,-0.012,-0.021,-1.415,-1.492,-1.889
9/1/2017,1.769,1.404,0.011,0.002,-1.4,-1.464,-1.728
10/1/2017,1.843,1.379,-0.014,-0.023,-1.424,-1.509,-1.863
11/1/2017,1.99,1.379,-0.025,-0.036,-1.45,-1.565,-2.025
12/1/2017,2.06,1.315,-0.109,-0.117,-1.549,-1.676,-2.175
1/1/2018,2.518,1.326,-0.143,-0.156,-1.638,-1.743,-2.313
2/1/2018,2.051,1.258,-0.163,-0.171,-1.6,-1.693,-2.361
3/1/2018,2.413,1.569,0.098,0.084,-1.4,-1.492,-2
4/1/2018,1.989,1.439,-0.032,-0.047,-1.532,-1.646,-1.963
5/1/2018,1.964,1.419,-0.024,-0.039,-1.496,-1.623,-2.089
6/1/2018,2.168,1.471,0.041,0.028,-1.414,-1.544,-2.106
7/1/2018,2.05,1.387,-0.027,-0.043,-1.472,-1.584,-2.1
8/1/2018,2.058,1.432,0.022,0.011,-1.41,-1.485,-2.084
9/1/2018,1.998,1.438,0.018,0.005,-1.428,-1.486,-1.976
10/1/2018,1.976,1.43,0.015,0.004,-1.421,-1.51,-1.916
11/1/2018,2.213,1.395,-0.019,-0.028,-1.45,-1.591,-1.982
12/1/2018,2.121,1.38,-0.043,-0.046,-1.472,-1.602,-2.082
1/1/2019,2.113,1.363,-0.044,-0.049,-1.461,-1.567,-2.285
2/1/2019,2.09,1.285,-0.121,-0.137,-1.558,-1.654,-2.343
3/1/2019,2.242,1.332,-0.069,-0.076,-1.483,-1.557,-2.097
4/1/2019,1.948,1.351,-0.046,-0.056,-1.463,-1.57,-1.946
5/1/2019,1.931,1.411,0.038,0.028,-1.354,-1.472,-1.85
6/1/2019,1.858,1.422,0.043,0.034,-1.353,-1.47,-1.775
7/1/2019,1.967,1.436,0.038,0.028,-1.38,-1.488,-1.888
8/1/2019,1.987,1.441,0.021,0.008,-1.425,-1.509,-2.047
9/1/2019,1.918,1.412,-0.007,-0.02,-1.452,-1.516,-2.1
10/1/2019,2.192,1.482,0.062,0.052,-1.378,-1.464,-1.959
11/1/2019,1.942,1.376,-0.001,-0.012,-1.399,-1.532,-1.91
12/1/2019,2.199,1.354,-0.02,-0.028,-1.409,-1.548,-2.009
1/1/2020,1.782,1.346,-0.011,-0.019,-1.383,-1.497,-1.978
2/1/2020,1.948,1.327,-0.055,-0.063,-1.452,-1.548,-2.165
3/1/2020,2.02,1.354,-0.028,-0.039,-1.431,-1.527,-2.102
4/1/2020,2.191,1.475,0.077,0.067,-1.341,-1.468,-1.962
5/1/2020,2.187,1.347,-0.051,-0.061,-1.468,-1.604,-2.263
6/1/2020,2.031,1.419,0.013,0.003,-1.412,-1.54,-1.935
7/1/2020,1.979,1.438,0.039,0.031,-1.376,-1.494,-1.755
8/1/2020,1.855,1.404,0.015,0.007,-1.39,-1.503,-1.9
9/1/2020,2.078,1.348,-0.028,-0.038,-1.424,-1.511,-1.991
10/1/2020,1.96,1.33,-0.04,-0.05,-1.429,-1.531,-2.197
11/1/2020,2.051,1.287,-0.071,-0.078,-1.442,-1.565,-2.124
12/1/2020,2.094,1.339,-0.022,-0.034,-1.407,-1.558,-2.333
1/1/2021,2.12,1.395,0.02,0.013,-1.368,-1.502,-1.934
2/1/2021,2.021,1.311,-0.058,-0.07,-1.451,-1.548,-1.984
3/1/2021,1.962,1.261,-0.14,-0.154,-1.568,-1.661,-2.362
4/1/2021,2.15,1.418,0.014,0.004,-1.409,-1.532,-2.129
5/1/2021,1.997,1.33,-0.058,-0.071,-1.472,-1.608,-2.217
6/1/2021,1.928,1.349,-0.026,-0.036,-1.421,-1.555,-2.172
7/1/2021,1.956,1.383,0.024,0.015,-1.352,-1.456,-1.887
8/1/2021,1.931,1.35,0.014,0.006,-1.338,-1.426,-1.752
9/1/2021,1.745,1.359,0.02,0.01,-1.339,-1.419,-1.787
10/1/2021,1.877,1.432,0.1,0.097,-1.238,-1.342,-1.903
11/1/2021,1.961,1.361,0.007,-0.002,-1.364,-1.498,-2.073
12/1/2021,2.085,1.32,-0.052,-0.06,-1.44,-1.574,-2.182
1/1/2022,2.263,1.33,-0.056,-0.066,-1.462,-1.604,-2.017
2/1/2022,1.843,1.195,-0.174,-0.183,-1.561,-1.671,-2.165
3/1/2022,1.776,1.304,-0.08,-0.093,-1.489,-1.592,-1.961
4/1/2022,1.925,1.344,-0.027,-0.037,-1.417,-1.532,-2.046
5/1/2022,2.208,1.366,0.013,0.004,-1.357,-1.499,-1.982
6/1/2022,2.06,1.377,0.039,0.028,-1.321,-1.463,-2.05
7/1/2022,2.052,1.35,0.011,0,-1.35,-1.474,-2.025
8/1/2022,2.016,1.359,0.015,0.003,-1.352,-1.448,-1.965
9/1/2022,1.942,1.377,0.027,0.019,-1.339,-1.424,-1.807
10/1/2022,1.767,1.357,0.012,0,-1.356,-1.467,-1.857
11/1/2022,2.114,1.299,-0.033,-0.04,-1.379,-1.518,-2.027
12/1/2022,2.542,1.353,0.005,-0.004,-1.36,-1.495,-2.278
1/1/2023,2.241,1.402,0.038,0.037,-1.327,-1.444,-2.112
2/1/2023,2.068,1.321,-0.028,-0.044,-1.409,-1.487,-2.038
3/1/2023,1.906,1.422,0.089,0.086,-1.25,-1.333,-1.962
4/1/2023,1.87,1.363,0.038,0.028,-1.307,-1.415,-1.88
5/1/2023,1.852,1.358,0.042,0.036,-1.285,-1.41,-1.8
6/1/2023,2.062,1.426,0.1,0.092,-1.242,-1.368,-1.657
7/1/2023,2.046,1.427,0.086,0.077,-1.273,-1.392,-1.86
8/1/2023,2.049,1.43,0.063,0.051,-1.327,-1.423,-1.984
9/1/2023,2.004,1.435,0.046,0.036,-1.363,-1.439,-1.965
10/1/2023,1.96,1.503,0.13,0.117,-1.268,-1.372,-1.912
11/1/2023,2.025,1.384,0.065,0.058,-1.267,-1.407,-1.813
12/1/2023,2.011,1.371,0.043,0.034,-1.302,-1.454,-1.947
1/1/2024,2.836,1.44,0.097,0.089,-1.261,-1.388,-1.896
2/1/2024,2.203,1.442,0.085,0.077,-1.287,-1.39,-1.884
3/1/2024,2.458,1.366,0.033,0.023,-1.319,-1.426,-1.916
